run_id,model_type,num_parameters,num_layers,dataset_size,input_features,batch_size,epochs,gpu_type,gpu_tdp_watts,gpu_tflops,training_duration_min,energy_consumed_kwh
run_0001,CNN,49864611,22,5000,50,32,100,RTX_3090,350,35.6,2000.0,11.746113
run_0002,CNN,49805370,39,1000,512,128,5,A10G,150,31.2,2000.0,5.19141
run_0003,MLP,1835068,4,100000,512,16,50,RTX_3090,350,35.6,2000.0,12.512696
run_0004,Transformer,88226012,21,50000,50,128,50,A10G,150,31.2,2000.0,5.001293
run_0005,ResNet,10814555,49,50000,128,64,10,RTX_3090,350,35.6,2000.0,11.572497
run_0006,Transformer,14718431,6,50000,10,64,20,V100,300,14.0,2000.0,9.799712
run_0007,ResNet,49071471,34,100000,10,128,5,RTX_3090,350,35.6,2000.0,11.533756
run_0008,ResNet,41608157,28,100000,50,16,5,A10G,150,31.2,2000.0,4.726981
run_0009,Transformer,11709497,11,1000000,10,128,20,V100,300,14.0,2000.0,10.283228
run_0010,GRU,6130868,2,10000,128,32,100,A10G,150,31.2,2000.0,4.604715
run_0011,ResNet,45972107,46,1000,512,32,50,A10G,150,31.2,2000.0,5.133611
run_0012,Transformer,63043515,16,10000,1024,256,10,A100,400,77.0,2000.0,12.870583
run_0013,BERT_small,31742311,5,1000000,128,128,20,RTX_3090,350,35.6,2000.0,11.00512
run_0014,CNN,38162808,50,10000,50,128,30,A100,400,77.0,2000.0,13.468185
run_0015,GRU,4453951,2,5000,1024,256,50,A100,400,77.0,2000.0,14.103853
run_0016,ResNet,39330901,32,100000,256,64,10,A10G,150,31.2,2000.0,4.619438
run_0017,LSTM,8289821,1,1000000,10,16,10,RTX_3080,320,29.8,2000.0,9.759036
run_0018,LSTM,7092668,5,1000,256,128,50,A10G,150,31.2,2000.0,5.15436
run_0019,GRU,4228028,5,1000000,10,16,100,RTX_3080,320,29.8,2000.0,10.175376
run_0020,ResNet,22928789,12,10000,256,32,30,A10G,150,31.2,2000.0,4.847365
run_0021,MLP,2210467,9,1000000,50,256,5,A10G,150,31.2,2000.0,5.004766
run_0022,ResNet,34168679,43,5000,50,64,10,A10G,150,31.2,2000.0,4.783981
run_0023,MLP,2720218,8,1000,10,64,20,RTX_3080,320,29.8,1879.422,10.243354
run_0024,Transformer,33329237,22,1000,10,128,5,RTX_3090,350,35.6,2000.0,11.318316
run_0025,LSTM,7983915,5,5000,128,256,50,A100,400,77.0,2000.0,13.629416
run_0026,RNN,9057886,6,500000,50,64,30,A100,400,77.0,2000.0,13.988843
run_0027,BERT_small,70467853,18,1000,50,32,5,T4,70,8.1,2000.0,2.636551
run_0028,BERT_small,79961459,21,5000,512,32,5,RTX_3090,350,35.6,2000.0,11.65104
run_0029,CNN,42452602,8,5000,10,16,20,A10G,150,31.2,2000.0,4.666142
run_0030,CNN,16072220,22,500000,256,32,50,RTX_3080,320,29.8,2000.0,10.575747
run_0031,LSTM,9590513,5,50000,50,128,30,A10G,150,31.2,2000.0,5.339993
run_0032,Transformer,14009833,17,10000,256,128,30,RTX_3090,350,35.6,2000.0,13.360713
run_0033,MLP,826588,1,50000,1024,64,5,A10G,150,31.2,2000.0,5.230708
run_0034,Transformer,26529407,21,50000,50,128,10,A100,400,77.0,2000.0,13.861126
run_0035,ResNet,16864226,9,50000,2048,256,5,T4,70,8.1,2000.0,2.234235
run_0036,MLP,4535780,1,1000,2048,32,10,A10G,150,31.2,2000.0,4.912809
run_0037,RNN,8085854,2,1000000,256,16,10,T4,70,8.1,2000.0,2.453364
run_0038,RNN,6560190,3,1000000,2048,128,20,RTX_3090,350,35.6,2000.0,12.117664
run_0039,RNN,9334245,6,500000,256,32,10,A10G,150,31.2,2000.0,4.841664
run_0040,ResNet,4024747,42,500000,512,16,100,A100,400,77.0,2000.0,12.923116
run_0041,BERT_small,7729990,22,50000,512,256,10,RTX_3090,350,35.6,2000.0,11.720308
run_0042,MLP,673023,3,1000,512,16,100,RTX_3080,320,29.8,2000.0,10.781434
run_0043,Transformer,17090908,22,5000,512,256,5,T4,70,8.1,2000.0,2.306762
run_0044,CNN,44215566,42,100000,512,64,20,T4,70,8.1,2000.0,2.30174
run_0045,Transformer,97125636,14,5000,128,128,10,A10G,150,31.2,2000.0,4.881038
run_0046,ResNet,21318292,9,1000,256,256,50,T4,70,8.1,2000.0,2.428565
run_0047,CNN,36180034,18,100000,128,32,20,RTX_3090,350,35.6,2000.0,11.957663
run_0048,CNN,24898543,23,5000,256,256,100,A100,400,77.0,2000.0,13.057772
run_0049,ResNet,43987607,38,1000,1024,256,20,RTX_3080,320,29.8,2000.0,10.826105
run_0050,CNN,17848007,12,1000,1024,256,10,A100,400,77.0,666.1699,4.809989
run_0051,ResNet,40689442,18,500000,128,32,100,V100,300,14.0,2000.0,9.219275
run_0052,ResNet,32884817,21,1000000,10,16,100,RTX_3080,320,29.8,2000.0,11.198471
run_0053,RNN,749653,1,10000,2048,32,100,V100,300,14.0,2000.0,9.958898
run_0054,ResNet,49843164,33,100000,1024,128,50,A100,400,77.0,2000.0,12.712242
run_0055,MLP,632191,3,100000,10,64,50,RTX_3090,350,35.6,2000.0,11.092139
run_0056,LSTM,2148181,1,10000,128,16,20,T4,70,8.1,2000.0,2.489742
run_0057,Transformer,34491314,7,10000,2048,256,30,A10G,150,31.2,2000.0,5.222794
run_0058,LSTM,2736327,2,50000,10,32,100,A100,400,77.0,2000.0,13.838773
run_0059,BERT_small,90913412,11,10000,50,16,30,T4,70,8.1,2000.0,2.501202
run_0060,MLP,1866909,4,1000000,256,64,20,T4,70,8.1,2000.0,2.190534
run_0061,Transformer,4176186,10,50000,128,64,5,A100,400,77.0,2000.0,13.376026
run_0062,ResNet,43149110,37,50000,1024,256,20,V100,300,14.0,2000.0,9.76107
run_0063,MLP,2192231,3,100000,128,16,5,RTX_3090,350,35.6,2000.0,11.717983
run_0064,RNN,5272632,4,100000,512,16,30,V100,300,14.0,2000.0,10.359191
run_0065,Transformer,6957459,17,1000,512,256,100,V100,300,14.0,2000.0,10.587189
run_0066,Transformer,58887757,6,500000,128,256,20,V100,300,14.0,2000.0,10.729392
run_0067,CNN,20254286,37,10000,1024,128,20,A10G,150,31.2,2000.0,4.956989
run_0068,RNN,4970271,5,5000,50,128,100,A10G,150,31.2,2000.0,4.632342
run_0069,RNN,2929694,5,100000,128,128,50,A10G,150,31.2,2000.0,5.24173
run_0070,MLP,2407806,4,50000,2048,256,50,V100,300,14.0,2000.0,9.660484
run_0071,BERT_small,60295515,18,500000,50,256,30,T4,70,8.1,2000.0,2.472609
run_0072,LSTM,1432633,3,100000,1024,256,20,A10G,150,31.2,2000.0,4.941341
run_0073,CNN,45250553,24,5000,2048,32,10,A100,400,77.0,2000.0,13.666962
run_0074,MLP,2054888,8,100000,2048,16,30,RTX_3090,350,35.6,2000.0,11.623303
run_0075,RNN,9668155,2,500000,1024,128,30,A10G,150,31.2,2000.0,5.086994
run_0076,RNN,2485836,6,500000,10,16,30,A100,400,77.0,2000.0,13.979323
run_0077,Transformer,94403697,20,50000,10,256,10,A100,400,77.0,2000.0,13.297134
run_0078,CNN,9048235,34,500000,512,256,50,T4,70,8.1,2000.0,2.287931
run_0079,BERT_small,83228802,20,50000,2048,256,30,T4,70,8.1,2000.0,2.320462
run_0080,LSTM,7973715,4,10000,2048,32,100,A10G,150,31.2,2000.0,5.07463
run_0081,ResNet,32620755,45,5000,128,128,5,RTX_3080,320,29.8,2000.0,10.83977
run_0082,ResNet,18334492,26,10000,512,16,10,A100,400,77.0,2000.0,14.181636
run_0083,LSTM,6436265,6,5000,1024,32,5,A100,400,77.0,2000.0,12.822785
run_0084,RNN,5561268,5,50000,256,16,10,T4,70,8.1,2000.0,2.337528
run_0085,RNN,9809226,6,1000,2048,256,30,T4,70,8.1,2000.0,2.217662
run_0086,GRU,5911533,3,1000000,256,128,50,RTX_3090,350,35.6,2000.0,12.518509
run_0087,Transformer,30450273,12,50000,256,16,30,T4,70,8.1,2000.0,2.284348
run_0088,BERT_small,92152880,16,500000,50,128,10,A10G,150,31.2,2000.0,4.504499
run_0089,MLP,4966156,10,500000,10,16,100,T4,70,8.1,2000.0,2.312288
run_0090,RNN,7756014,2,1000,128,128,20,A100,400,77.0,945.0351,6.324982
run_0091,Transformer,44868501,14,1000000,256,64,30,T4,70,8.1,2000.0,2.332606
run_0092,ResNet,31661757,6,500000,512,16,20,RTX_3090,350,35.6,2000.0,12.776623
run_0093,Transformer,10209801,24,1000,2048,16,10,A10G,150,31.2,2000.0,4.859897
run_0094,Transformer,84394260,8,5000,50,128,100,RTX_3090,350,35.6,2000.0,12.416325
run_0095,CNN,14727352,34,500000,128,64,10,RTX_3080,320,29.8,2000.0,10.950798
run_0096,CNN,20973468,11,100000,10,64,50,A100,400,77.0,2000.0,12.400941
run_0097,RNN,3337421,1,100000,1024,32,5,T4,70,8.1,2000.0,2.49382
run_0098,ResNet,40392941,12,1000000,512,16,20,A10G,150,31.2,2000.0,5.116806
run_0099,RNN,6227147,1,100000,1024,64,5,A10G,150,31.2,2000.0,4.787376
run_0100,RNN,1780648,4,10000,1024,128,100,T4,70,8.1,2000.0,2.290479
run_0101,LSTM,2965087,6,100000,1024,64,50,T4,70,8.1,2000.0,2.258111
run_0102,GRU,7317727,6,100000,128,64,10,T4,70,8.1,2000.0,2.35832
run_0103,CNN,30352810,20,1000000,256,256,50,V100,300,14.0,2000.0,10.444346
run_0104,RNN,491506,4,1000000,128,32,30,V100,300,14.0,2000.0,9.068569
run_0105,Transformer,35675473,14,10000,512,64,50,V100,300,14.0,2000.0,8.823751
run_0106,MLP,1603697,2,5000,1024,128,30,RTX_3080,320,29.8,2000.0,9.802
run_0107,Transformer,64900135,24,500000,256,128,5,A10G,150,31.2,2000.0,5.05041
run_0108,CNN,14971082,30,500000,50,64,100,V100,300,14.0,2000.0,9.436129
run_0109,BERT_small,75285882,20,10000,256,256,20,T4,70,8.1,2000.0,2.33684
run_0110,BERT_small,61900658,12,10000,128,32,5,A10G,150,31.2,2000.0,4.990143
run_0111,Transformer,17046365,21,1000000,1024,32,10,V100,300,14.0,2000.0,9.839158
run_0112,Transformer,65988034,12,500000,512,256,50,A10G,150,31.2,2000.0,4.88827
run_0113,ResNet,13127010,23,5000,128,32,20,RTX_3090,350,35.6,2000.0,10.878993
run_0114,MLP,4481649,3,10000,10,16,50,A10G,150,31.2,2000.0,5.062156
run_0115,ResNet,8574473,45,1000000,2048,128,5,A10G,150,31.2,2000.0,4.800786
run_0116,MLP,2386211,8,50000,256,64,10,RTX_3080,320,29.8,2000.0,11.068108
run_0117,MLP,4008482,2,1000000,10,128,30,V100,300,14.0,2000.0,10.181573
run_0118,CNN,42341386,48,1000,50,32,50,RTX_3080,320,29.8,2000.0,10.733219
run_0119,ResNet,16755813,12,100000,2048,128,50,RTX_3090,350,35.6,2000.0,11.656272
run_0120,Transformer,52053474,18,50000,128,256,30,RTX_3080,320,29.8,2000.0,10.625683
run_0121,ResNet,41776438,8,100000,1024,16,10,RTX_3080,320,29.8,2000.0,11.307595
run_0122,Transformer,89641164,6,5000,50,32,50,V100,300,14.0,2000.0,10.308235
run_0123,CNN,279564,31,50000,1024,256,30,A100,400,77.0,1206.2663,8.289967
run_0124,ResNet,15634107,23,500000,128,128,5,RTX_3090,350,35.6,2000.0,10.891894
run_0125,Transformer,84893865,22,500000,2048,32,30,V100,300,14.0,2000.0,10.157037
run_0126,CNN,15186706,46,5000,128,32,5,RTX_3080,320,29.8,2000.0,9.733252
run_0127,MLP,2581434,10,500000,2048,256,20,A100,400,77.0,2000.0,13.710195
run_0128,GRU,7873447,6,10000,1024,128,20,RTX_3090,350,35.6,2000.0,11.778898
run_0129,GRU,1359590,5,1000,256,64,50,T4,70,8.1,2000.0,2.379538
run_0130,ResNet,6228843,19,500000,2048,256,50,RTX_3090,350,35.6,2000.0,11.067935
run_0131,MLP,2261822,10,1000,2048,32,30,A10G,150,31.2,2000.0,5.288881
run_0132,GRU,3054882,5,50000,1024,128,5,V100,300,14.0,2000.0,10.801875
run_0133,GRU,6860944,3,10000,1024,16,10,V100,300,14.0,2000.0,10.187649
run_0134,BERT_small,94103304,19,10000,1024,128,50,T4,70,8.1,2000.0,2.303643
run_0135,MLP,739699,6,10000,128,16,30,T4,70,8.1,2000.0,2.416481
run_0136,MLP,4552604,8,50000,10,32,50,A10G,150,31.2,2000.0,4.812211
run_0137,BERT_small,67906611,24,50000,2048,16,10,RTX_3080,320,29.8,2000.0,11.178262
run_0138,ResNet,8892148,23,50000,1024,128,5,RTX_3080,320,29.8,2000.0,11.338449
run_0139,MLP,2008372,3,10000,512,16,50,A10G,150,31.2,2000.0,5.160013
run_0140,RNN,3779851,1,50000,10,32,30,RTX_3090,350,35.6,2000.0,10.966305
run_0141,ResNet,47439373,22,50000,2048,128,30,RTX_3080,320,29.8,2000.0,11.240473
run_0142,Transformer,74989546,8,50000,50,256,50,T4,70,8.1,2000.0,2.40589
run_0143,LSTM,4644662,4,10000,2048,256,20,RTX_3090,350,35.6,2000.0,11.608736
run_0144,MLP,2505467,10,100000,1024,128,10,V100,300,14.0,2000.0,9.929006
run_0145,GRU,8135900,3,10000,512,256,30,RTX_3080,320,29.8,2000.0,10.812325
run_0146,GRU,3175061,6,5000,512,128,10,V100,300,14.0,2000.0,9.845141
run_0147,RNN,5348112,6,50000,1024,128,30,RTX_3090,350,35.6,2000.0,12.200687
run_0148,LSTM,631086,2,100000,512,64,5,T4,70,8.1,2000.0,2.321066
run_0149,GRU,8833994,4,1000,1024,32,30,RTX_3090,350,35.6,2000.0,11.790318
run_0150,LSTM,7886745,3,10000,512,128,100,RTX_3090,350,35.6,2000.0,12.089062
run_0151,CNN,45355365,39,50000,128,128,50,V100,300,14.0,2000.0,10.091176
run_0152,MLP,574954,4,500000,1024,64,10,RTX_3080,320,29.8,2000.0,9.713958
run_0153,CNN,6706406,45,500000,2048,16,30,T4,70,8.1,2000.0,2.335538
run_0154,LSTM,5034207,1,1000,128,16,20,A10G,150,31.2,2000.0,5.109325
run_0155,BERT_small,58805802,8,5000,512,128,50,V100,300,14.0,2000.0,9.437777
run_0156,LSTM,2947176,1,100000,2048,128,50,A100,400,77.0,2000.0,13.785112
run_0157,Transformer,79270025,8,5000,256,64,30,T4,70,8.1,2000.0,2.332176
run_0158,ResNet,730650,34,10000,1024,256,10,A10G,150,31.2,460.4141,1.161865
run_0159,CNN,23290516,42,10000,1024,128,100,T4,70,8.1,2000.0,2.135332
run_0160,ResNet,20375042,17,50000,2048,128,5,T4,70,8.1,2000.0,2.369208
run_0161,Transformer,77762164,15,100000,128,64,5,T4,70,8.1,2000.0,2.382815
run_0162,RNN,145861,5,1000000,1024,16,50,V100,300,14.0,2000.0,9.813132
run_0163,GRU,3870745,5,1000000,128,32,100,V100,300,14.0,2000.0,10.550678
run_0164,Transformer,34638559,8,500000,10,16,20,RTX_3080,320,29.8,2000.0,10.414939
run_0165,GRU,9733634,3,500000,50,16,20,RTX_3090,350,35.6,2000.0,11.610038
run_0166,BERT_small,56767881,9,5000,50,256,20,A10G,150,31.2,2000.0,5.307566
run_0167,ResNet,17344970,35,1000000,128,64,5,A100,400,77.0,2000.0,13.251904
run_0168,GRU,2371510,2,1000000,1024,128,50,RTX_3090,350,35.6,2000.0,11.120434
run_0169,BERT_small,53958901,4,10000,512,16,30,RTX_3090,350,35.6,2000.0,12.301751
run_0170,BERT_small,91240054,12,100000,256,64,5,A10G,150,31.2,2000.0,4.963695
run_0171,Transformer,4358751,23,100000,128,256,10,T4,70,8.1,2000.0,2.426449
run_0172,CNN,31256466,49,10000,1024,128,5,A10G,150,31.2,2000.0,5.379474
run_0173,LSTM,634315,3,50000,10,16,10,RTX_3090,350,35.6,2000.0,12.007474
run_0174,LSTM,7620879,3,500000,1024,256,30,T4,70,8.1,2000.0,2.279588
run_0175,LSTM,1671307,4,100000,256,64,5,T4,70,8.1,2000.0,2.363101
run_0176,BERT_small,60509870,18,5000,2048,64,5,A100,400,77.0,2000.0,12.181099
run_0177,BERT_small,87547189,15,1000,256,64,10,RTX_3080,320,29.8,2000.0,10.888562
run_0178,CNN,6252099,47,5000,1024,256,5,T4,70,8.1,2000.0,2.367056
run_0179,MLP,2044203,3,1000000,512,32,5,V100,300,14.0,2000.0,9.785035
run_0180,Transformer,29984499,11,10000,2048,32,50,RTX_3080,320,29.8,2000.0,10.931252
run_0181,MLP,1214730,3,100000,128,32,5,V100,300,14.0,2000.0,9.560174
run_0182,MLP,125657,6,1000000,2048,32,50,A100,400,77.0,2000.0,13.759419
run_0183,BERT_small,24386929,12,1000,50,128,50,RTX_3090,350,35.6,2000.0,11.884019
run_0184,CNN,4365307,35,50000,2048,64,50,A10G,150,31.2,2000.0,5.420168
run_0185,CNN,33912042,19,100000,10,256,20,T4,70,8.1,2000.0,2.25753
run_0186,GRU,532621,1,50000,2048,128,30,A10G,150,31.2,2000.0,5.138828
run_0187,CNN,47908442,33,1000,10,64,50,T4,70,8.1,2000.0,2.350979
run_0188,LSTM,2127143,3,100000,1024,256,50,RTX_3090,350,35.6,2000.0,10.897988
run_0189,BERT_small,81180577,20,10000,256,256,50,T4,70,8.1,2000.0,2.303882
run_0190,RNN,1929549,6,500000,2048,256,100,RTX_3090,350,35.6,2000.0,11.518578
run_0191,Transformer,61606674,11,50000,128,128,30,T4,70,8.1,2000.0,2.273423
run_0192,RNN,1605275,3,50000,128,64,20,A10G,150,31.2,2000.0,4.809076
run_0193,LSTM,7966894,1,1000,2048,16,5,A10G,150,31.2,2000.0,5.159923
run_0194,RNN,6261976,2,100000,10,256,50,RTX_3090,350,35.6,2000.0,11.906153
run_0195,BERT_small,17405605,17,10000,2048,128,100,A10G,150,31.2,2000.0,4.696554
run_0196,MLP,2622011,6,1000,512,256,10,V100,300,14.0,414.2948,2.106783
run_0197,LSTM,8099795,2,1000000,10,64,50,A10G,150,31.2,2000.0,5.5189
run_0198,BERT_small,38388792,22,5000,2048,128,50,RTX_3090,350,35.6,2000.0,11.37145
run_0199,MLP,2244514,1,5000,128,64,20,RTX_3080,320,29.8,2000.0,10.551835
run_0200,BERT_small,25347841,8,100000,1024,128,5,RTX_3090,350,35.6,2000.0,11.292059
run_0201,LSTM,524340,1,500000,512,32,30,A10G,150,31.2,2000.0,5.202334
run_0202,RNN,5729285,2,10000,128,64,50,T4,70,8.1,2000.0,2.421114
run_0203,CNN,10540790,15,1000000,512,16,100,RTX_3090,350,35.6,2000.0,11.853396
run_0204,CNN,29836808,47,50000,256,256,30,V100,300,14.0,2000.0,9.209975
run_0205,RNN,3626647,5,1000,128,128,5,V100,300,14.0,591.4108,2.927308
run_0206,ResNet,45632441,42,50000,512,64,5,A10G,150,31.2,2000.0,5.267291
run_0207,Transformer,81440034,5,1000,50,64,10,T4,70,8.1,2000.0,2.499617
run_0208,LSTM,4866117,3,1000,10,128,100,V100,300,14.0,2000.0,10.577236
run_0209,RNN,2177376,4,100000,1024,32,50,A100,400,77.0,2000.0,14.264983
run_0210,BERT_small,54293990,5,50000,10,128,5,RTX_3090,350,35.6,2000.0,11.920177
run_0211,BERT_small,58617561,22,50000,1024,128,20,RTX_3080,320,29.8,2000.0,9.098558
run_0212,CNN,1499659,25,5000,2048,256,30,T4,70,8.1,2000.0,2.347141
run_0213,BERT_small,59614462,7,5000,256,256,30,RTX_3090,350,35.6,2000.0,10.471151
run_0214,CNN,20922173,26,5000,128,32,5,T4,70,8.1,2000.0,2.408381
run_0215,CNN,34322303,17,1000000,128,64,100,RTX_3080,320,29.8,2000.0,10.629243
run_0216,LSTM,1734773,2,10000,50,32,50,A100,400,77.0,2000.0,13.072781
run_0217,LSTM,1274218,2,1000000,1024,128,30,A10G,150,31.2,2000.0,5.422601
run_0218,GRU,9480600,6,500000,512,64,100,A10G,150,31.2,2000.0,4.815252
run_0219,BERT_small,60023966,6,50000,256,64,20,A100,400,77.0,2000.0,12.684197
run_0220,MLP,4256850,2,10000,256,128,5,V100,300,14.0,2000.0,10.109939
run_0221,MLP,2409176,2,500000,2048,16,50,V100,300,14.0,2000.0,9.89214
run_0222,RNN,9746311,5,1000000,1024,16,30,T4,70,8.1,2000.0,2.485507
run_0223,Transformer,82202508,19,100000,50,16,30,V100,300,14.0,2000.0,9.483507
run_0224,CNN,48036905,10,100000,1024,32,5,V100,300,14.0,2000.0,9.71437
run_0225,Transformer,59754920,18,100000,512,256,10,A10G,150,31.2,2000.0,5.284002
run_0226,BERT_small,38969333,16,50000,2048,64,100,V100,300,14.0,2000.0,9.370652
run_0227,MLP,2808242,2,10000,10,256,100,A10G,150,31.2,2000.0,5.046975
run_0228,RNN,4237787,6,1000000,1024,256,10,V100,300,14.0,2000.0,9.657441
run_0229,BERT_small,79213973,8,10000,128,128,10,RTX_3090,350,35.6,2000.0,11.08644
run_0230,CNN,37608625,29,500000,2048,64,10,V100,300,14.0,2000.0,9.844819
run_0231,CNN,45093543,32,100000,128,16,20,A10G,150,31.2,2000.0,5.020463
run_0232,ResNet,14474226,26,1000000,256,32,10,A100,400,77.0,2000.0,13.909166
run_0233,LSTM,1304615,3,1000000,2048,16,50,A100,400,77.0,2000.0,13.69219
run_0234,MLP,2825984,10,5000,512,128,10,A10G,150,31.2,2000.0,5.016829
run_0235,LSTM,2787286,6,50000,10,128,20,A100,400,77.0,2000.0,12.986995
run_0236,Transformer,82952730,13,1000000,1024,128,10,T4,70,8.1,2000.0,2.4109
run_0237,Transformer,63950208,10,10000,1024,256,30,V100,300,14.0,2000.0,10.66764
run_0238,GRU,6416756,5,100000,256,32,10,V100,300,14.0,2000.0,10.04501
run_0239,LSTM,885431,6,50000,2048,64,50,V100,300,14.0,2000.0,9.199577
run_0240,CNN,34722092,12,10000,10,32,20,A10G,150,31.2,2000.0,5.175088
run_0241,GRU,2482100,4,1000,50,128,20,RTX_3080,320,29.8,831.8541,4.65074
run_0242,MLP,447751,7,100000,128,32,30,T4,70,8.1,2000.0,2.339452
run_0243,CNN,15168541,6,10000,10,64,10,V100,300,14.0,2000.0,9.71841
run_0244,LSTM,4823037,4,500000,2048,32,100,RTX_3090,350,35.6,2000.0,11.505898
run_0245,GRU,98100,1,1000,128,32,10,T4,70,8.1,255.8407,0.316687
run_0246,RNN,4843542,2,10000,10,16,10,RTX_3090,350,35.6,2000.0,11.971089
run_0247,RNN,7679093,1,1000,2048,128,50,A10G,150,31.2,2000.0,5.001305
run_0248,MLP,4324284,10,5000,1024,32,20,A10G,150,31.2,2000.0,5.198154
run_0249,RNN,5929270,2,100000,256,32,100,RTX_3090,350,35.6,2000.0,11.745447
run_0250,CNN,24299708,9,100000,512,256,50,RTX_3080,320,29.8,2000.0,10.321079
run_0251,MLP,3944778,1,500000,256,64,20,T4,70,8.1,2000.0,2.519287
run_0252,MLP,567730,6,5000,1024,16,50,V100,300,14.0,2000.0,9.979603
run_0253,BERT_small,6950635,15,100000,128,32,100,A100,400,77.0,2000.0,13.262445
run_0254,GRU,8038420,6,5000,2048,32,5,A10G,150,31.2,2000.0,5.251634
run_0255,GRU,4933149,2,1000,2048,32,5,RTX_3090,350,35.6,1242.2743,7.024129
run_0256,BERT_small,70173614,16,1000000,512,128,20,V100,300,14.0,2000.0,10.537809
run_0257,MLP,1604091,5,10000,2048,16,100,A10G,150,31.2,2000.0,5.127175
run_0258,BERT_small,17706752,15,50000,256,128,30,V100,300,14.0,2000.0,9.890728
run_0259,BERT_small,67599269,19,10000,2048,256,20,A100,400,77.0,2000.0,13.85667
run_0260,CNN,28587690,10,50000,512,32,50,A10G,150,31.2,2000.0,4.839962
run_0261,ResNet,6985229,10,10000,1024,64,20,V100,300,14.0,2000.0,10.104394
run_0262,GRU,7159041,2,500000,256,64,30,RTX_3080,320,29.8,2000.0,11.691064
run_0263,MLP,2958481,10,50000,128,16,5,A10G,150,31.2,2000.0,5.179724
run_0264,RNN,8618154,6,500000,50,16,10,V100,300,14.0,2000.0,10.54483
run_0265,GRU,2127788,1,5000,2048,64,20,RTX_3090,350,35.6,2000.0,10.963862
run_0266,RNN,553335,5,5000,1024,128,20,RTX_3080,320,29.8,1047.8892,5.827874
run_0267,BERT_small,11319387,22,5000,512,64,30,T4,70,8.1,2000.0,2.314838
run_0268,BERT_small,38405107,11,1000,10,32,30,A10G,150,31.2,2000.0,5.025325
run_0269,RNN,1985701,3,1000000,128,128,10,RTX_3080,320,29.8,2000.0,10.276725
run_0270,ResNet,33063887,17,1000,50,16,30,A10G,150,31.2,2000.0,5.068177
run_0271,LSTM,7477726,1,1000000,1024,64,100,A10G,150,31.2,2000.0,4.764632
run_0272,BERT_small,9715975,21,100000,128,64,10,A10G,150,31.2,2000.0,4.729697
run_0273,LSTM,8545505,2,1000,50,32,10,V100,300,14.0,2000.0,10.511521
run_0274,GRU,6064838,5,100000,128,128,50,RTX_3090,350,35.6,2000.0,11.259567
run_0275,LSTM,1456455,1,10000,256,128,50,RTX_3080,320,29.8,2000.0,10.985768
run_0276,RNN,9655230,1,5000,128,16,30,T4,70,8.1,2000.0,2.422982
run_0277,GRU,8689860,3,5000,2048,256,100,A10G,150,31.2,2000.0,5.06466
run_0278,LSTM,7268130,5,1000000,10,16,50,A100,400,77.0,2000.0,12.841467
run_0279,LSTM,2772487,2,10000,1024,32,20,V100,300,14.0,2000.0,10.069048
run_0280,ResNet,16917837,17,500000,512,64,10,RTX_3090,350,35.6,2000.0,10.671467
run_0281,ResNet,35901104,10,100000,1024,32,50,RTX_3080,320,29.8,2000.0,10.96527
run_0282,LSTM,5674316,5,1000,2048,16,5,A100,400,77.0,1051.7146,7.212542
run_0283,MLP,4839307,5,500000,50,256,30,A10G,150,31.2,2000.0,5.128059
run_0284,MLP,4577635,5,500000,128,128,10,T4,70,8.1,2000.0,2.172993
run_0285,RNN,7619207,1,500000,10,32,30,V100,300,14.0,2000.0,10.31965
run_0286,RNN,7802046,2,10000,512,32,20,T4,70,8.1,2000.0,2.355438
run_0287,BERT_small,47354851,16,5000,2048,64,50,A10G,150,31.2,2000.0,5.101816
run_0288,CNN,16322753,34,1000,128,128,10,V100,300,14.0,2000.0,10.513116
run_0289,LSTM,859015,3,50000,2048,256,30,RTX_3090,350,35.6,2000.0,12.195379
run_0290,Transformer,44947691,22,500000,128,32,10,A100,400,77.0,2000.0,11.420119
run_0291,GRU,7841858,4,10000,256,16,5,RTX_3080,320,29.8,2000.0,11.285603
run_0292,RNN,7681057,2,5000,512,64,5,RTX_3080,320,29.8,2000.0,10.538722
run_0293,MLP,4152473,10,1000000,1024,128,20,V100,300,14.0,2000.0,9.826324
run_0294,MLP,3615884,3,10000,1024,64,30,RTX_3090,350,35.6,2000.0,12.174872
run_0295,BERT_small,54765155,5,100000,512,32,20,RTX_3090,350,35.6,2000.0,10.787988
run_0296,ResNet,26027430,37,50000,2048,256,20,RTX_3090,350,35.6,2000.0,11.579961
run_0297,CNN,6588184,30,10000,2048,64,50,A100,400,77.0,2000.0,12.941093
run_0298,BERT_small,27717096,23,100000,256,256,5,A100,400,77.0,2000.0,13.09737
run_0299,MLP,1150544,6,1000000,256,256,30,RTX_3090,350,35.6,2000.0,11.495644
run_0300,LSTM,8658751,2,10000,512,64,10,RTX_3080,320,29.8,2000.0,10.15906
run_0301,RNN,5030319,5,10000,512,256,50,RTX_3080,320,29.8,2000.0,10.480478
run_0302,GRU,9454301,3,50000,2048,16,20,A10G,150,31.2,2000.0,4.73941
run_0303,BERT_small,15710878,17,100000,128,16,50,A10G,150,31.2,2000.0,5.254696
run_0304,GRU,9715188,5,5000,1024,16,50,V100,300,14.0,2000.0,9.314166
run_0305,GRU,8805159,6,500000,512,128,10,A100,400,77.0,2000.0,13.43658
run_0306,Transformer,77849080,7,5000,10,128,20,RTX_3090,350,35.6,2000.0,11.529924
run_0307,RNN,6938320,6,5000,256,256,50,A100,400,77.0,2000.0,14.167989
run_0308,GRU,1054906,6,5000,512,32,50,A10G,150,31.2,2000.0,5.204157
run_0309,BERT_small,65205866,20,50000,128,32,30,A10G,150,31.2,2000.0,4.632262
run_0310,BERT_small,48551594,24,1000000,1024,64,50,RTX_3080,320,29.8,2000.0,9.92219
run_0311,GRU,4145904,3,100000,128,32,20,A100,400,77.0,2000.0,13.759084
run_0312,ResNet,14010177,49,500000,256,64,30,A10G,150,31.2,2000.0,5.379605
run_0313,BERT_small,97860153,12,10000,10,256,100,RTX_3080,320,29.8,2000.0,10.903559
run_0314,RNN,5800398,2,10000,10,64,100,T4,70,8.1,2000.0,2.331101
run_0315,CNN,29787358,46,10000,1024,128,10,V100,300,14.0,2000.0,10.016856
run_0316,Transformer,37390817,21,500000,128,32,5,RTX_3080,320,29.8,2000.0,10.514421
run_0317,Transformer,7813620,20,5000,1024,32,5,A100,400,77.0,2000.0,13.448601
run_0318,CNN,22265629,50,50000,10,32,5,T4,70,8.1,2000.0,2.305527
run_0319,LSTM,7990915,4,500000,50,64,20,T4,70,8.1,2000.0,2.34204
run_0320,ResNet,4070333,10,500000,512,32,50,A10G,150,31.2,2000.0,4.525291
run_0321,MLP,3506473,3,1000,2048,128,30,A100,400,77.0,539.8905,3.249027
run_0322,LSTM,4866449,1,1000,128,256,50,A10G,150,31.2,2000.0,5.055351
run_0323,CNN,19196609,34,500000,512,256,30,V100,300,14.0,2000.0,9.219051
run_0324,LSTM,7862085,3,5000,2048,16,20,RTX_3080,320,29.8,2000.0,11.128122
run_0325,LSTM,7709307,6,10000,1024,32,5,A10G,150,31.2,2000.0,4.702768
run_0326,BERT_small,77206305,10,5000,512,128,30,V100,300,14.0,2000.0,10.432298
run_0327,BERT_small,54798927,7,5000,50,128,20,RTX_3090,350,35.6,2000.0,11.360798
run_0328,Transformer,36002007,16,5000,256,64,20,RTX_3090,350,35.6,2000.0,11.330028
run_0329,ResNet,48611825,41,1000,128,64,100,RTX_3080,320,29.8,2000.0,9.967562
run_0330,Transformer,90628735,7,50000,128,32,30,RTX_3090,350,35.6,2000.0,12.400376
run_0331,ResNet,7979637,45,10000,128,256,10,A10G,150,31.2,2000.0,5.380276
run_0332,Transformer,65180488,8,50000,1024,256,20,A100,400,77.0,2000.0,13.476323
run_0333,RNN,9224625,4,1000000,512,32,10,A10G,150,31.2,2000.0,4.98252
run_0334,CNN,30080749,38,500000,128,16,50,RTX_3080,320,29.8,2000.0,9.822678
run_0335,CNN,36852118,37,5000,512,256,10,RTX_3090,350,35.6,2000.0,11.974858
run_0336,LSTM,8739882,4,1000,1024,32,100,V100,300,14.0,2000.0,10.965614
run_0337,GRU,8572677,4,1000000,10,128,10,RTX_3090,350,35.6,2000.0,12.034267
run_0338,RNN,9470859,1,100000,256,64,100,T4,70,8.1,2000.0,2.320889
run_0339,MLP,2135541,1,500000,50,256,5,T4,70,8.1,2000.0,2.249776
run_0340,MLP,2891117,2,100000,10,16,30,T4,70,8.1,2000.0,2.211047
run_0341,MLP,3430824,3,1000000,50,128,20,V100,300,14.0,2000.0,10.309595
run_0342,RNN,6343337,4,1000,1024,256,10,T4,70,8.1,2000.0,2.276957
run_0343,BERT_small,24954324,21,50000,512,32,100,RTX_3090,350,35.6,2000.0,11.129556
run_0344,Transformer,4051483,13,50000,1024,256,30,RTX_3090,350,35.6,2000.0,10.273749
run_0345,RNN,4162562,4,10000,50,64,10,A100,400,77.0,2000.0,13.6051
run_0346,CNN,44405116,31,100000,2048,16,10,RTX_3090,350,35.6,2000.0,11.822671
run_0347,Transformer,14542127,23,1000,256,256,100,RTX_3090,350,35.6,2000.0,11.663049
run_0348,MLP,372084,7,50000,50,256,10,A100,400,77.0,598.3567,4.027889
run_0349,MLP,4227984,5,5000,2048,256,20,A100,400,77.0,1295.6699,8.818009
run_0350,BERT_small,41502136,8,500000,512,32,30,A100,400,77.0,2000.0,12.78707
run_0351,ResNet,4190797,40,100000,1024,32,100,V100,300,14.0,2000.0,10.066375
run_0352,RNN,8325137,1,10000,1024,128,50,RTX_3080,320,29.8,2000.0,10.827022
run_0353,BERT_small,56878146,17,5000,128,128,10,A10G,150,31.2,2000.0,5.413995
run_0354,GRU,3790654,3,1000000,1024,32,30,A100,400,77.0,2000.0,13.844931
run_0355,MLP,3462789,7,100000,512,32,30,RTX_3080,320,29.8,2000.0,10.921172
run_0356,Transformer,28291394,14,500000,10,128,20,V100,300,14.0,2000.0,10.035889
run_0357,CNN,48726056,17,1000,128,128,100,RTX_3080,320,29.8,2000.0,10.86958
run_0358,MLP,1579428,10,500000,1024,256,10,RTX_3090,350,35.6,2000.0,10.470961
run_0359,GRU,5596214,3,1000,50,32,100,A100,400,77.0,2000.0,13.797889
run_0360,CNN,32239835,20,500000,512,32,30,A10G,150,31.2,2000.0,4.986946
run_0361,Transformer,44166435,13,50000,256,256,100,RTX_3080,320,29.8,2000.0,11.668682
run_0362,BERT_small,36106207,15,100000,256,128,5,V100,300,14.0,2000.0,9.964278
run_0363,GRU,3417913,3,10000,256,16,50,V100,300,14.0,2000.0,10.242013
run_0364,Transformer,20585415,4,10000,512,256,50,A10G,150,31.2,2000.0,5.414808
run_0365,RNN,2567039,2,10000,50,128,50,V100,300,14.0,2000.0,9.368027
run_0366,Transformer,74905989,24,500000,128,64,30,T4,70,8.1,2000.0,2.370976
run_0367,GRU,2832492,6,1000000,128,32,10,T4,70,8.1,2000.0,2.270936
run_0368,GRU,9105547,6,1000,512,16,5,A100,400,77.0,2000.0,12.639182
run_0369,MLP,3460396,3,1000000,1024,32,5,RTX_3090,350,35.6,2000.0,11.784405
run_0370,LSTM,3679507,5,50000,128,16,50,RTX_3090,350,35.6,2000.0,11.606199
run_0371,GRU,8194838,1,1000,512,256,30,A10G,150,31.2,1876.9862,4.721228
run_0372,MLP,4442077,5,100000,128,16,50,RTX_3090,350,35.6,2000.0,11.44639
run_0373,RNN,1805437,1,100000,50,32,10,A100,400,77.0,2000.0,11.78304
run_0374,ResNet,18039859,30,1000,128,128,30,V100,300,14.0,2000.0,9.686701
run_0375,Transformer,31314047,13,500000,2048,16,100,A10G,150,31.2,2000.0,4.869455
run_0376,MLP,3400720,7,50000,512,128,5,RTX_3090,350,35.6,2000.0,11.74832
run_0377,MLP,1438669,2,50000,2048,128,100,A10G,150,31.2,2000.0,5.076006
run_0378,BERT_small,13799248,20,1000,50,32,100,RTX_3080,320,29.8,2000.0,10.146463
run_0379,GRU,791180,1,500000,128,256,50,V100,300,14.0,2000.0,9.309453
run_0380,MLP,2639088,1,5000,512,32,100,A100,400,77.0,2000.0,12.649783
run_0381,RNN,5031033,2,100000,50,256,30,RTX_3090,350,35.6,2000.0,12.295251
run_0382,BERT_small,19783850,6,100000,1024,64,5,T4,70,8.1,2000.0,2.078391
run_0383,CNN,15678920,9,10000,512,256,50,T4,70,8.1,2000.0,2.631003
run_0384,RNN,507036,6,10000,2048,128,30,V100,300,14.0,2000.0,9.585862
run_0385,Transformer,75227466,16,50000,50,256,100,V100,300,14.0,2000.0,9.886116
run_0386,RNN,4965645,2,500000,10,16,20,RTX_3090,350,35.6,2000.0,12.150715
run_0387,LSTM,2598336,6,50000,128,64,5,T4,70,8.1,2000.0,2.304679
run_0388,CNN,20787478,33,10000,2048,64,5,RTX_3090,350,35.6,2000.0,11.650708
run_0389,LSTM,3153912,4,50000,512,256,50,RTX_3090,350,35.6,2000.0,12.518083
run_0390,RNN,450601,1,10000,512,16,50,RTX_3090,350,35.6,2000.0,11.550974
run_0391,BERT_small,2656329,13,50000,256,16,100,T4,70,8.1,2000.0,2.675173
run_0392,Transformer,70941466,9,500000,256,32,10,RTX_3080,320,29.8,2000.0,11.243789
run_0393,ResNet,18112475,36,5000,10,32,30,V100,300,14.0,2000.0,9.884355
run_0394,ResNet,20216033,35,1000000,10,64,20,T4,70,8.1,2000.0,2.297397
run_0395,Transformer,84890601,19,100000,512,32,30,A10G,150,31.2,2000.0,5.1937
run_0396,CNN,20545252,5,50000,128,256,30,A100,400,77.0,2000.0,13.392363
run_0397,BERT_small,45927535,17,1000000,2048,256,10,T4,70,8.1,2000.0,2.402366
run_0398,ResNet,40580822,49,5000,256,64,10,V100,300,14.0,2000.0,9.31485
run_0399,RNN,4899688,6,500000,1024,128,50,V100,300,14.0,2000.0,10.116691
run_0400,Transformer,51473288,12,1000000,2048,128,20,V100,300,14.0,2000.0,9.758216
run_0401,CNN,13508354,42,100000,50,256,5,RTX_3080,320,29.8,2000.0,10.440855
run_0402,GRU,3527316,4,1000000,128,16,30,A10G,150,31.2,2000.0,5.094531
run_0403,GRU,5090688,2,10000,1024,32,100,A100,400,77.0,2000.0,13.070048
run_0404,RNN,1250929,4,100000,256,256,30,T4,70,8.1,2000.0,2.208825
run_0405,RNN,626817,3,500000,2048,256,50,RTX_3080,320,29.8,2000.0,9.895034
run_0406,CNN,16758498,47,500000,128,32,100,RTX_3090,350,35.6,2000.0,11.12186
run_0407,MLP,3353236,6,1000000,256,16,5,RTX_3080,320,29.8,2000.0,10.096649
run_0408,CNN,14998240,37,500000,512,256,50,V100,300,14.0,2000.0,9.861976
run_0409,Transformer,51213478,16,50000,2048,256,100,T4,70,8.1,2000.0,2.432808
run_0410,LSTM,422092,4,1000,128,128,5,V100,300,14.0,82.9074,0.430176
run_0411,CNN,9607660,27,10000,128,128,10,A10G,150,31.2,2000.0,5.408466
run_0412,GRU,7998681,1,50000,1024,128,20,V100,300,14.0,2000.0,9.096745
run_0413,CNN,3098628,50,1000,10,64,100,V100,300,14.0,2000.0,9.243237
run_0414,CNN,11129616,20,100000,50,256,10,A10G,150,31.2,2000.0,5.050839
run_0415,BERT_small,58226329,18,5000,2048,128,100,RTX_3080,320,29.8,2000.0,10.559815
run_0416,LSTM,7260013,4,1000,1024,256,10,A100,400,77.0,191.4295,1.243796
run_0417,GRU,7216700,4,1000,1024,32,10,RTX_3080,320,29.8,2000.0,9.85541
run_0418,ResNet,4298582,41,1000,2048,256,10,A10G,150,31.2,253.4816,0.678888
run_0419,BERT_small,27450861,18,1000,128,128,50,V100,300,14.0,2000.0,9.829286
run_0420,BERT_small,53162278,23,50000,512,16,20,RTX_3080,320,29.8,2000.0,11.003691
run_0421,BERT_small,83861016,9,1000000,1024,64,50,T4,70,8.1,2000.0,2.438176
run_0422,CNN,9089082,25,1000,50,64,5,A10G,150,31.2,1088.631,2.709091
run_0423,LSTM,2381602,5,50000,256,256,10,V100,300,14.0,2000.0,9.106784
run_0424,RNN,3126429,4,500000,512,32,50,T4,70,8.1,2000.0,2.410304
run_0425,LSTM,4855843,2,5000,128,128,50,T4,70,8.1,2000.0,2.557578
run_0426,MLP,81391,8,5000,50,128,50,V100,300,14.0,632.7831,3.336025
run_0427,GRU,8259791,4,500000,2048,128,30,T4,70,8.1,2000.0,2.370251
run_0428,LSTM,9495801,1,1000000,2048,32,20,RTX_3090,350,35.6,2000.0,11.604947
run_0429,MLP,1887123,9,10000,50,128,50,V100,300,14.0,2000.0,10.070863
run_0430,GRU,8579902,1,100000,10,64,50,RTX_3080,320,29.8,2000.0,10.812063
run_0431,BERT_small,6584869,18,100000,50,128,5,RTX_3080,320,29.8,2000.0,10.079684
run_0432,Transformer,5325890,18,10000,128,16,30,V100,300,14.0,2000.0,10.300952
run_0433,CNN,14184685,42,500000,128,256,100,A100,400,77.0,2000.0,13.607151
run_0434,RNN,2345975,2,1000000,50,16,50,A100,400,77.0,2000.0,13.136309
run_0435,BERT_small,38726592,23,100000,50,64,100,RTX_3080,320,29.8,2000.0,10.449467
run_0436,ResNet,38535634,22,1000000,512,16,10,V100,300,14.0,2000.0,10.917985
run_0437,RNN,4662716,6,5000,1024,32,10,RTX_3090,350,35.6,2000.0,11.207652
run_0438,LSTM,5413886,2,1000000,2048,128,30,A10G,150,31.2,2000.0,5.316377
run_0439,LSTM,4518325,6,50000,256,128,5,RTX_3080,320,29.8,2000.0,9.885533
run_0440,CNN,34702234,22,500000,128,128,30,T4,70,8.1,2000.0,2.462938
run_0441,BERT_small,1331931,6,500000,256,64,5,RTX_3080,320,29.8,2000.0,11.364228
run_0442,RNN,7218215,2,50000,128,64,20,A100,400,77.0,2000.0,13.272147
run_0443,BERT_small,78568940,8,100000,2048,128,20,RTX_3080,320,29.8,2000.0,10.388609
run_0444,MLP,836293,8,1000,10,32,30,RTX_3090,350,35.6,1374.5755,7.832246
run_0445,GRU,7187281,2,500000,50,64,10,RTX_3090,350,35.6,2000.0,11.243312
run_0446,ResNet,44028654,28,10000,10,64,100,RTX_3090,350,35.6,2000.0,11.036624
run_0447,LSTM,6659508,6,10000,1024,32,30,RTX_3090,350,35.6,2000.0,11.84728
run_0448,CNN,6487668,5,5000,256,16,10,A10G,150,31.2,2000.0,5.348589
run_0449,Transformer,92265736,18,1000,10,64,5,RTX_3080,320,29.8,2000.0,11.009058
run_0450,RNN,2227531,4,1000,50,128,5,A10G,150,31.2,178.4114,0.444246
run_0451,CNN,21128661,28,10000,50,128,10,RTX_3090,350,35.6,2000.0,11.513677
run_0452,LSTM,8910451,5,1000,512,32,30,RTX_3090,350,35.6,2000.0,10.76597
run_0453,BERT_small,29595818,24,500000,50,128,50,A10G,150,31.2,2000.0,5.048363
run_0454,GRU,1464383,1,5000,2048,16,50,A100,400,77.0,2000.0,13.667482
run_0455,RNN,7213947,3,1000000,50,32,20,V100,300,14.0,2000.0,9.05184
run_0456,CNN,37237819,43,100000,1024,256,20,A100,400,77.0,2000.0,14.404574
run_0457,MLP,2531418,4,100000,512,256,10,A10G,150,31.2,2000.0,4.973726
run_0458,RNN,925518,2,50000,256,16,10,V100,300,14.0,2000.0,9.811275
run_0459,GRU,9974488,1,100000,10,64,20,A10G,150,31.2,2000.0,5.132843
run_0460,LSTM,9545840,4,10000,512,32,30,T4,70,8.1,2000.0,2.255452
run_0461,CNN,39517297,9,1000,128,32,5,RTX_3090,350,35.6,2000.0,11.913145
run_0462,MLP,4250757,5,500000,1024,256,30,T4,70,8.1,2000.0,2.181642
run_0463,RNN,6759095,1,500000,512,256,50,A10G,150,31.2,2000.0,5.247589
run_0464,LSTM,1412526,3,1000,512,32,10,V100,300,14.0,1667.3103,8.766612
run_0465,BERT_small,79710263,24,1000000,2048,16,20,T4,70,8.1,2000.0,2.421416
run_0466,RNN,4013671,1,5000,10,128,5,A10G,150,31.2,1442.2089,3.492903
run_0467,GRU,933227,3,500000,1024,32,5,RTX_3080,320,29.8,2000.0,11.446561
run_0468,MLP,1152015,1,5000,256,64,50,A10G,150,31.2,2000.0,5.184257
run_0469,ResNet,25055735,13,500000,2048,64,100,A100,400,77.0,2000.0,13.928008
run_0470,CNN,22582209,32,10000,512,16,20,RTX_3090,350,35.6,2000.0,12.188846
run_0471,CNN,30647805,37,10000,10,128,50,T4,70,8.1,2000.0,2.406772
run_0472,LSTM,2649223,3,1000000,10,256,100,V100,300,14.0,2000.0,10.016034
run_0473,CNN,49812901,37,1000,10,16,10,A100,400,77.0,2000.0,13.596079
run_0474,MLP,3054256,7,5000,50,16,50,T4,70,8.1,2000.0,2.218411
run_0475,RNN,5408941,2,50000,1024,64,20,A100,400,77.0,2000.0,13.76601
run_0476,CNN,25118732,12,100000,1024,16,10,RTX_3080,320,29.8,2000.0,10.287058
run_0477,Transformer,7164431,16,1000,256,64,20,RTX_3080,320,29.8,2000.0,9.93014
run_0478,BERT_small,75234670,18,1000,128,32,20,RTX_3090,350,35.6,2000.0,11.112618
run_0479,ResNet,41889865,20,50000,128,256,30,A10G,150,31.2,2000.0,5.213868
run_0480,Transformer,74357939,11,5000,10,128,5,A10G,150,31.2,2000.0,4.75214
run_0481,Transformer,47496201,24,1000000,1024,16,20,RTX_3080,320,29.8,2000.0,11.011616
run_0482,MLP,3157422,5,1000,50,256,10,A10G,150,31.2,222.7323,0.546899
run_0483,RNN,1014872,2,500000,128,16,5,T4,70,8.1,2000.0,2.327929
run_0484,Transformer,56439545,15,50000,1024,16,50,RTX_3080,320,29.8,2000.0,11.290252
run_0485,CNN,9059962,45,1000000,256,16,50,RTX_3080,320,29.8,2000.0,10.164273
run_0486,MLP,1097460,4,10000,128,64,30,T4,70,8.1,2000.0,2.245982
run_0487,BERT_small,61768130,12,5000,10,32,10,V100,300,14.0,2000.0,10.206064
run_0488,CNN,7190571,15,50000,256,64,30,A100,400,77.0,2000.0,13.125006
run_0489,CNN,24144263,18,50000,128,128,20,RTX_3080,320,29.8,2000.0,10.836659
run_0490,CNN,10677388,48,10000,2048,256,5,RTX_3090,350,35.6,2000.0,11.527938
run_0491,Transformer,20907683,6,500000,50,64,30,V100,300,14.0,2000.0,10.28533
run_0492,MLP,2507857,5,1000000,50,16,30,A10G,150,31.2,2000.0,4.726395
run_0493,GRU,9239497,2,1000,256,16,10,RTX_3080,320,29.8,2000.0,11.25571
run_0494,CNN,4238548,19,5000,50,128,20,RTX_3090,350,35.6,2000.0,11.773378
run_0495,CNN,39433763,21,1000000,10,16,5,RTX_3080,320,29.8,2000.0,10.863147
run_0496,Transformer,60516344,8,1000,2048,64,5,A10G,150,31.2,2000.0,5.140209
run_0497,MLP,425779,3,100000,256,128,30,T4,70,8.1,2000.0,2.198833
run_0498,MLP,3580117,3,10000,50,32,20,T4,70,8.1,2000.0,2.380517
run_0499,ResNet,10074485,7,100000,512,256,10,T4,70,8.1,2000.0,2.316511
run_0500,ResNet,27748328,40,50000,10,16,20,T4,70,8.1,2000.0,2.39828
run_0501,RNN,7043593,2,500000,2048,256,10,A100,400,77.0,2000.0,13.625201
run_0502,MLP,3013450,8,100000,2048,128,20,T4,70,8.1,2000.0,2.410544
run_0503,BERT_small,37297263,9,1000,128,256,10,T4,70,8.1,2000.0,2.176297
run_0504,MLP,492498,8,100000,128,256,10,V100,300,14.0,2000.0,10.015969
run_0505,LSTM,4168351,6,5000,128,256,100,RTX_3090,350,35.6,2000.0,12.653238
run_0506,MLP,4830255,7,10000,2048,32,10,A100,400,77.0,2000.0,13.102378
run_0507,Transformer,43681823,15,100000,10,64,50,RTX_3080,320,29.8,2000.0,11.73791
run_0508,LSTM,3168036,4,100000,128,32,30,RTX_3080,320,29.8,2000.0,11.069957
run_0509,MLP,472171,4,100000,50,16,50,RTX_3090,350,35.6,2000.0,10.326826
run_0510,GRU,5575572,5,5000,2048,32,20,RTX_3090,350,35.6,2000.0,12.085199
run_0511,LSTM,1009183,1,5000,512,32,5,V100,300,14.0,2000.0,9.208092
run_0512,BERT_small,51142505,16,100000,10,64,20,RTX_3090,350,35.6,2000.0,12.176636
run_0513,BERT_small,22139813,17,1000000,1024,128,100,A100,400,77.0,2000.0,13.923058
run_0514,BERT_small,95916484,21,500000,512,64,10,A100,400,77.0,2000.0,12.554675
run_0515,LSTM,5157639,6,500000,128,32,10,T4,70,8.1,2000.0,2.424954
run_0516,MLP,4806286,7,1000000,2048,256,5,A10G,150,31.2,2000.0,4.904911
run_0517,LSTM,5348793,5,5000,1024,256,5,RTX_3080,320,29.8,1062.6074,5.878411
run_0518,GRU,5566084,6,1000,50,64,20,A100,400,77.0,1555.0482,10.120042
run_0519,LSTM,1498575,6,500000,1024,64,30,A10G,150,31.2,2000.0,5.199821
run_0520,MLP,1759959,4,500000,10,64,20,V100,300,14.0,2000.0,10.124875
run_0521,CNN,185977,8,50000,256,128,10,A10G,150,31.2,1349.6013,3.443237
run_0522,RNN,6363742,3,100000,256,16,30,T4,70,8.1,2000.0,2.121156
run_0523,Transformer,61570772,6,1000000,2048,16,20,A100,400,77.0,2000.0,12.773335
run_0524,MLP,2191497,2,1000,128,32,30,V100,300,14.0,2000.0,11.192345
run_0525,LSTM,1268331,5,1000,128,256,50,A10G,150,31.2,443.5483,1.125663
run_0526,GRU,529979,4,500000,50,256,30,A10G,150,31.2,2000.0,4.97281
run_0527,LSTM,1708824,3,5000,50,128,100,RTX_3090,350,35.6,2000.0,11.253725
run_0528,ResNet,18992693,24,5000,10,16,30,A10G,150,31.2,2000.0,4.526605
run_0529,GRU,924439,3,1000,256,16,20,A100,400,77.0,850.9491,5.58929
run_0530,GRU,1637170,1,5000,50,64,5,A100,400,77.0,554.3611,3.791491
run_0531,GRU,5183311,4,50000,256,64,5,RTX_3090,350,35.6,2000.0,12.584193
run_0532,RNN,6234691,4,10000,50,128,5,A100,400,77.0,1999.2929,13.295622
run_0533,ResNet,31309511,21,5000,2048,64,50,T4,70,8.1,2000.0,2.263896
run_0534,MLP,812200,2,500000,128,256,30,A100,400,77.0,2000.0,13.412876
run_0535,Transformer,9185099,16,1000000,512,128,50,RTX_3080,320,29.8,2000.0,10.96891
run_0536,GRU,3963417,4,10000,10,128,100,RTX_3080,320,29.8,2000.0,10.903186
run_0537,MLP,4792740,9,1000000,512,256,10,RTX_3080,320,29.8,2000.0,11.459376
run_0538,CNN,11701711,15,5000,2048,32,10,T4,70,8.1,2000.0,2.458367
run_0539,MLP,658402,7,5000,2048,32,50,T4,70,8.1,2000.0,2.552751
run_0540,ResNet,48895056,9,1000,256,256,30,V100,300,14.0,2000.0,9.027973
run_0541,BERT_small,70751366,18,1000000,10,256,50,V100,300,14.0,2000.0,9.507123
run_0542,RNN,6963189,2,5000,512,256,50,RTX_3090,350,35.6,2000.0,11.527673
run_0543,CNN,37861067,11,1000000,128,256,20,RTX_3090,350,35.6,2000.0,12.5027
run_0544,RNN,6436403,6,50000,512,256,30,V100,300,14.0,2000.0,10.454604
run_0545,MLP,2311341,7,5000,512,256,100,A100,400,77.0,2000.0,13.650281
run_0546,RNN,6650300,3,500000,50,16,100,RTX_3090,350,35.6,2000.0,11.796833
run_0547,GRU,6258518,1,10000,2048,64,20,V100,300,14.0,2000.0,9.226439
run_0548,ResNet,46820039,48,1000,2048,32,10,T4,70,8.1,2000.0,2.659366
run_0549,ResNet,29836649,25,10000,1024,128,50,A10G,150,31.2,2000.0,5.161648
run_0550,CNN,29743099,18,1000000,256,128,50,A100,400,77.0,2000.0,13.422586
run_0551,BERT_small,70158328,9,1000,128,256,30,RTX_3090,350,35.6,2000.0,11.218588
run_0552,LSTM,9550738,1,5000,50,32,5,RTX_3080,320,29.8,2000.0,11.203298
run_0553,Transformer,62263503,5,10000,1024,32,20,RTX_3090,350,35.6,2000.0,11.596633
run_0554,BERT_small,68796914,16,500000,10,16,10,T4,70,8.1,2000.0,2.47091
run_0555,BERT_small,80731181,18,5000,2048,128,50,T4,70,8.1,2000.0,2.355729
run_0556,BERT_small,22946425,12,500000,2048,16,20,V100,300,14.0,2000.0,9.192442
run_0557,MLP,417503,3,1000000,512,32,10,T4,70,8.1,2000.0,2.424982
run_0558,Transformer,28746963,12,500000,256,256,5,A10G,150,31.2,2000.0,4.90978
run_0559,MLP,1110931,3,100000,2048,16,10,T4,70,8.1,2000.0,2.240632
run_0560,ResNet,20599053,50,500000,1024,64,30,RTX_3080,320,29.8,2000.0,10.998274
run_0561,RNN,7710708,3,5000,256,64,100,V100,300,14.0,2000.0,9.583272
run_0562,RNN,1726512,1,100000,1024,64,50,RTX_3080,320,29.8,2000.0,10.945346
run_0563,ResNet,46030188,11,50000,10,64,20,V100,300,14.0,2000.0,10.745733
run_0564,BERT_small,36050544,24,500000,1024,64,10,V100,300,14.0,2000.0,11.192336
run_0565,LSTM,4041599,1,1000000,2048,256,30,RTX_3080,320,29.8,2000.0,9.39684
run_0566,BERT_small,19781020,4,500000,256,64,20,A10G,150,31.2,2000.0,5.425105
run_0567,RNN,6524172,6,1000,512,256,10,T4,70,8.1,1566.652,1.843588
run_0568,BERT_small,96746805,11,500000,512,128,100,A10G,150,31.2,2000.0,5.429654
run_0569,BERT_small,41291467,9,1000000,1024,256,10,RTX_3080,320,29.8,2000.0,11.665218
run_0570,ResNet,31693569,13,500000,128,256,10,RTX_3090,350,35.6,2000.0,12.015753
run_0571,BERT_small,12985619,11,10000,50,64,30,A10G,150,31.2,2000.0,4.83964
run_0572,BERT_small,35971668,22,10000,256,16,30,V100,300,14.0,2000.0,10.245449
run_0573,MLP,4896378,10,100000,10,128,10,A10G,150,31.2,2000.0,5.254274
run_0574,CNN,25713387,38,10000,256,16,10,A10G,150,31.2,2000.0,5.055211
run_0575,LSTM,5759046,4,100000,256,32,20,A100,400,77.0,2000.0,12.929754
run_0576,LSTM,8190249,3,500000,50,64,100,RTX_3090,350,35.6,2000.0,11.517895
run_0577,MLP,3793097,5,5000,2048,32,50,RTX_3090,350,35.6,2000.0,11.485417
run_0578,LSTM,1487088,2,100000,256,128,30,T4,70,8.1,2000.0,2.416914
run_0579,RNN,6440982,1,1000,512,32,100,T4,70,8.1,2000.0,2.347257
run_0580,BERT_small,44246714,20,5000,10,16,100,RTX_3090,350,35.6,2000.0,12.687739
run_0581,Transformer,94083315,15,10000,50,16,30,A100,400,77.0,2000.0,12.381804
run_0582,ResNet,4481337,7,10000,128,128,100,A100,400,77.0,2000.0,12.223806
run_0583,BERT_small,93178071,8,10000,256,64,10,T4,70,8.1,2000.0,2.34641
run_0584,LSTM,330859,2,5000,1024,32,10,T4,70,8.1,2000.0,2.378692
run_0585,MLP,4234173,3,1000,128,16,30,RTX_3080,320,29.8,2000.0,11.339096
run_0586,ResNet,41917867,8,100000,10,16,100,RTX_3080,320,29.8,2000.0,11.090544
run_0587,MLP,972315,7,50000,256,16,50,RTX_3090,350,35.6,2000.0,10.896781
run_0588,ResNet,47201578,14,5000,1024,16,20,T4,70,8.1,2000.0,2.060374
run_0589,RNN,1704160,6,100000,128,256,50,A10G,150,31.2,2000.0,4.664658
run_0590,LSTM,1770168,5,500000,512,16,20,T4,70,8.1,2000.0,2.581713
run_0591,CNN,33502703,17,100000,50,64,50,RTX_3090,350,35.6,2000.0,11.277758
run_0592,Transformer,95413682,17,10000,50,16,50,V100,300,14.0,2000.0,10.707478
run_0593,GRU,8074202,3,5000,10,16,100,A100,400,77.0,2000.0,13.500587
run_0594,CNN,38630739,47,50000,50,16,50,RTX_3090,350,35.6,2000.0,10.696755
run_0595,CNN,48658380,11,10000,1024,32,30,A10G,150,31.2,2000.0,5.092278
run_0596,ResNet,31257126,8,1000,2048,32,5,V100,300,14.0,2000.0,10.566737
run_0597,ResNet,45517033,25,50000,1024,16,5,V100,300,14.0,2000.0,10.000198
run_0598,MLP,1161936,3,10000,128,128,50,RTX_3090,350,35.6,2000.0,11.072764
run_0599,ResNet,6337857,28,1000000,128,32,5,A10G,150,31.2,2000.0,5.088725
run_0600,RNN,7669448,3,1000000,256,128,30,T4,70,8.1,2000.0,2.329438
run_0601,LSTM,2233175,6,500000,10,32,5,RTX_3090,350,35.6,2000.0,12.182023
run_0602,RNN,8107940,5,500000,256,32,50,RTX_3080,320,29.8,2000.0,10.370311
run_0603,RNN,493456,6,1000000,1024,32,30,V100,300,14.0,2000.0,10.389578
run_0604,GRU,6910204,4,1000,10,64,100,RTX_3090,350,35.6,2000.0,11.361644
run_0605,BERT_small,95565539,20,1000000,1024,256,100,RTX_3090,350,35.6,2000.0,12.211442
run_0606,Transformer,46405943,20,100000,1024,256,5,A10G,150,31.2,2000.0,4.980075
run_0607,RNN,4180429,4,10000,1024,128,10,A10G,150,31.2,2000.0,4.765541
run_0608,MLP,1317402,9,1000000,256,128,10,RTX_3090,350,35.6,2000.0,12.230889
run_0609,CNN,21617371,20,10000,128,16,50,T4,70,8.1,2000.0,2.34947
run_0610,Transformer,87344588,16,50000,2048,32,5,RTX_3080,320,29.8,2000.0,10.86232
run_0611,GRU,9623930,4,1000,2048,128,30,T4,70,8.1,2000.0,2.3876
run_0612,BERT_small,67756320,24,1000,10,128,30,RTX_3090,350,35.6,2000.0,11.115277
run_0613,MLP,4607174,1,1000000,10,256,50,RTX_3080,320,29.8,2000.0,10.869749
run_0614,ResNet,37837500,18,500000,1024,128,20,RTX_3080,320,29.8,2000.0,11.086417
run_0615,BERT_small,30919562,18,10000,512,256,50,RTX_3090,350,35.6,2000.0,12.402075
run_0616,GRU,6105071,6,50000,10,16,100,A10G,150,31.2,2000.0,5.187316
run_0617,Transformer,46816176,15,1000000,1024,64,50,RTX_3090,350,35.6,2000.0,12.686044
run_0618,BERT_small,15270328,5,5000,256,32,100,A10G,150,31.2,2000.0,5.191504
run_0619,RNN,4276266,5,5000,50,16,30,RTX_3090,350,35.6,2000.0,12.356001
run_0620,Transformer,26579048,14,1000,2048,128,5,T4,70,8.1,2000.0,2.164653
run_0621,CNN,30794780,47,100000,512,32,30,T4,70,8.1,2000.0,2.478628
run_0622,MLP,408448,9,50000,2048,256,30,RTX_3080,320,29.8,2000.0,10.750094
run_0623,LSTM,9716531,2,500000,2048,32,5,A10G,150,31.2,2000.0,4.497
run_0624,RNN,5409642,5,50000,256,256,100,A10G,150,31.2,2000.0,4.941378
run_0625,Transformer,54401206,14,10000,256,32,10,V100,300,14.0,2000.0,9.754873
run_0626,RNN,8604877,3,1000000,1024,256,20,RTX_3080,320,29.8,2000.0,11.589364
run_0627,Transformer,29147161,23,500000,128,64,100,A100,400,77.0,2000.0,12.371595
run_0628,LSTM,2993202,5,100000,1024,64,100,A10G,150,31.2,2000.0,5.149804
run_0629,CNN,37833986,35,100000,512,128,100,V100,300,14.0,2000.0,9.459485
run_0630,ResNet,957014,38,1000,10,128,10,T4,70,8.1,609.4813,0.684746
run_0631,MLP,475835,4,10000,2048,32,20,A10G,150,31.2,2000.0,4.59067
run_0632,ResNet,4262952,49,1000000,128,32,50,A100,400,77.0,2000.0,14.845571
run_0633,MLP,3797637,2,100000,2048,256,10,V100,300,14.0,2000.0,9.410754
run_0634,RNN,8581853,6,10000,1024,16,30,A100,400,77.0,2000.0,13.32521
run_0635,RNN,5255463,5,1000,10,64,10,T4,70,8.1,2000.0,2.384736
run_0636,GRU,6179672,5,100000,1024,256,10,A100,400,77.0,2000.0,13.335329
run_0637,Transformer,61238919,9,500000,10,32,10,V100,300,14.0,2000.0,10.282344
run_0638,CNN,2826917,32,10000,512,64,10,T4,70,8.1,2000.0,2.384489
run_0639,LSTM,4288461,1,10000,256,32,5,RTX_3080,320,29.8,2000.0,9.653458
run_0640,LSTM,863212,6,100000,2048,64,30,V100,300,14.0,2000.0,9.79545
run_0641,BERT_small,95983411,14,100000,50,32,50,RTX_3090,350,35.6,2000.0,10.88898
run_0642,CNN,10795172,31,100000,512,128,5,RTX_3080,320,29.8,2000.0,10.837769
run_0643,BERT_small,29635863,14,10000,128,64,10,A100,400,77.0,2000.0,12.189796
run_0644,GRU,157701,1,500000,128,128,10,RTX_3080,320,29.8,2000.0,10.580771
run_0645,Transformer,92610492,14,50000,2048,16,30,RTX_3090,350,35.6,2000.0,10.595965
run_0646,ResNet,48685180,23,1000,512,64,50,RTX_3080,320,29.8,2000.0,10.310378
run_0647,GRU,745708,3,500000,50,64,50,T4,70,8.1,2000.0,2.234008
run_0648,CNN,11333675,39,100000,10,16,10,RTX_3090,350,35.6,2000.0,11.106053
run_0649,Transformer,57936428,7,5000,512,128,100,A10G,150,31.2,2000.0,5.037162
run_0650,CNN,46139602,14,1000,256,64,5,A10G,150,31.2,2000.0,5.385946
run_0651,CNN,3741868,16,1000000,128,256,5,RTX_3090,350,35.6,2000.0,10.347567
run_0652,Transformer,55711545,16,50000,1024,128,30,V100,300,14.0,2000.0,10.421233
run_0653,BERT_small,53278055,7,100000,10,256,5,RTX_3090,350,35.6,2000.0,12.718915
run_0654,MLP,609924,6,100000,10,64,100,A10G,150,31.2,2000.0,4.720637
run_0655,ResNet,5905267,23,1000000,256,128,30,RTX_3080,320,29.8,2000.0,10.859159
run_0656,MLP,1312336,9,5000,50,128,50,T4,70,8.1,2000.0,2.366204
run_0657,ResNet,9768745,24,500000,2048,64,5,A10G,150,31.2,2000.0,5.311993
run_0658,LSTM,710837,1,100000,512,128,50,RTX_3090,350,35.6,2000.0,11.610652
run_0659,CNN,14196410,27,5000,256,256,10,V100,300,14.0,2000.0,9.75265
run_0660,LSTM,3714207,5,1000000,128,32,5,A100,400,77.0,2000.0,12.803159
run_0661,LSTM,9527591,1,1000000,2048,256,30,A10G,150,31.2,2000.0,4.890246
run_0662,CNN,45176034,9,10000,10,32,100,V100,300,14.0,2000.0,10.16634
run_0663,GRU,6001787,2,500000,1024,32,5,V100,300,14.0,2000.0,9.479568
run_0664,ResNet,4784794,17,10000,256,128,20,RTX_3080,320,29.8,2000.0,10.009706
run_0665,ResNet,39302980,14,100000,512,64,20,A10G,150,31.2,2000.0,5.255836
run_0666,RNN,91065,3,5000,2048,32,100,A100,400,77.0,1237.426,8.074741
run_0667,RNN,6041174,2,500000,1024,64,30,V100,300,14.0,2000.0,9.484941
run_0668,GRU,6028685,3,50000,512,16,10,T4,70,8.1,2000.0,2.479897
run_0669,CNN,9495352,39,5000,128,16,100,V100,300,14.0,2000.0,11.73166
run_0670,CNN,34136160,45,1000,2048,256,50,RTX_3090,350,35.6,2000.0,11.575296
run_0671,RNN,3579531,1,100000,128,256,50,RTX_3080,320,29.8,2000.0,10.328342
run_0672,GRU,2503647,3,50000,50,256,100,A10G,150,31.2,2000.0,4.658679
run_0673,ResNet,31285565,37,100000,10,128,20,A100,400,77.0,2000.0,12.835658
run_0674,MLP,2004877,10,500000,50,256,10,A10G,150,31.2,2000.0,4.610296
run_0675,GRU,3015557,5,100000,1024,32,100,A100,400,77.0,2000.0,13.481256
run_0676,GRU,688132,2,1000000,256,32,5,V100,300,14.0,2000.0,9.831701
run_0677,ResNet,15804727,7,500000,50,256,20,V100,300,14.0,2000.0,9.128909
run_0678,RNN,7637651,1,1000,1024,64,5,T4,70,8.1,2000.0,2.204075
run_0679,ResNet,17770842,42,100000,512,32,30,A10G,150,31.2,2000.0,5.160182
run_0680,RNN,9869614,6,1000000,10,256,20,V100,300,14.0,2000.0,10.772533
run_0681,RNN,8673280,4,10000,2048,64,30,A100,400,77.0,2000.0,13.508173
run_0682,GRU,120690,5,5000,256,32,10,RTX_3080,320,29.8,401.9382,2.083124
run_0683,CNN,43283010,22,5000,50,32,10,RTX_3080,320,29.8,2000.0,10.783549
run_0684,BERT_small,97274739,7,500000,50,128,20,RTX_3080,320,29.8,2000.0,11.550107
run_0685,CNN,45413879,35,50000,50,256,10,T4,70,8.1,2000.0,2.383617
run_0686,RNN,4098109,1,5000,512,256,10,RTX_3090,350,35.6,1343.4783,8.057034
run_0687,LSTM,8610719,1,100000,50,16,10,A10G,150,31.2,2000.0,4.456051
run_0688,ResNet,34771169,30,100000,512,16,100,A100,400,77.0,2000.0,13.801035
run_0689,ResNet,14635338,33,100000,256,128,10,RTX_3090,350,35.6,2000.0,11.569995
run_0690,Transformer,81643207,8,1000000,512,32,50,T4,70,8.1,2000.0,2.1147
run_0691,ResNet,48699353,48,10000,256,256,50,A100,400,77.0,2000.0,14.832704
run_0692,CNN,25481334,29,5000,10,16,10,A100,400,77.0,2000.0,13.274398
run_0693,RNN,1625622,2,50000,512,256,5,A100,400,77.0,1413.7992,9.764577
run_0694,CNN,32462641,47,5000,512,256,5,RTX_3090,350,35.6,2000.0,12.174498
run_0695,RNN,7067906,3,1000000,10,256,30,RTX_3080,320,29.8,2000.0,10.280721
run_0696,Transformer,52168696,15,100000,2048,256,5,T4,70,8.1,2000.0,2.247504
run_0697,RNN,4280103,4,1000000,50,16,20,A100,400,77.0,2000.0,13.184214
run_0698,RNN,3181246,1,500000,1024,16,50,V100,300,14.0,2000.0,9.560477
run_0699,CNN,582784,29,500000,50,64,30,RTX_3080,320,29.8,2000.0,10.525922
run_0700,BERT_small,21774029,17,500000,512,64,20,RTX_3090,350,35.6,2000.0,11.443617
run_0701,RNN,6144489,5,10000,1024,128,10,RTX_3080,320,29.8,2000.0,9.83339
run_0702,RNN,9364349,4,5000,128,256,50,RTX_3080,320,29.8,2000.0,10.437347
run_0703,GRU,5154785,5,10000,2048,128,100,V100,300,14.0,2000.0,9.822893
run_0704,LSTM,2007927,6,5000,256,32,5,A10G,150,31.2,2000.0,4.922783
run_0705,Transformer,54762374,14,1000000,512,256,100,RTX_3080,320,29.8,2000.0,10.715227
run_0706,MLP,3265038,1,1000000,10,32,30,A100,400,77.0,2000.0,12.995267
run_0707,RNN,1085091,3,5000,128,16,50,RTX_3090,350,35.6,2000.0,12.522229
run_0708,MLP,3224960,7,100000,1024,256,20,A10G,150,31.2,2000.0,4.622127
run_0709,MLP,4148062,8,1000,50,256,20,A100,400,77.0,337.5598,2.057164
run_0710,Transformer,81465529,20,100000,1024,32,50,RTX_3090,350,35.6,2000.0,11.417877
run_0711,LSTM,615005,3,5000,1024,16,10,A10G,150,31.2,2000.0,4.834948
run_0712,CNN,26905541,27,500000,256,128,50,V100,300,14.0,2000.0,9.77602
run_0713,Transformer,3062459,6,1000,512,64,100,RTX_3080,320,29.8,2000.0,10.484918
run_0714,BERT_small,38112255,11,100000,50,128,30,V100,300,14.0,2000.0,9.632013
run_0715,MLP,1469298,7,100000,10,256,5,V100,300,14.0,2000.0,11.066751
run_0716,ResNet,7952340,37,10000,512,256,20,V100,300,14.0,2000.0,9.554816
run_0717,GRU,9458401,4,1000000,50,64,30,T4,70,8.1,2000.0,2.28386
run_0718,GRU,468868,4,1000,128,16,30,RTX_3080,320,29.8,1740.8392,9.054482
run_0719,Transformer,95110263,11,1000000,128,128,20,A10G,150,31.2,2000.0,5.14537
run_0720,MLP,2210137,4,10000,10,128,100,A10G,150,31.2,2000.0,5.024629
run_0721,BERT_small,75430642,9,50000,128,64,10,RTX_3090,350,35.6,2000.0,11.499483
run_0722,ResNet,45942555,17,50000,1024,32,10,A100,400,77.0,2000.0,13.052984
run_0723,Transformer,28753358,11,5000,2048,32,50,V100,300,14.0,2000.0,10.472518
run_0724,BERT_small,15319594,7,1000,1024,128,50,A100,400,77.0,2000.0,14.129499
run_0725,MLP,355528,8,10000,512,64,30,RTX_3080,320,29.8,2000.0,10.760232
run_0726,ResNet,12372322,37,10000,256,32,50,T4,70,8.1,2000.0,2.429075
run_0727,LSTM,8830377,4,50000,512,16,50,RTX_3090,350,35.6,2000.0,10.542869
run_0728,BERT_small,93118813,9,50000,10,256,30,T4,70,8.1,2000.0,2.508082
run_0729,BERT_small,2129926,4,500000,50,128,50,A10G,150,31.2,2000.0,4.994998
run_0730,CNN,24366721,44,1000000,128,32,50,V100,300,14.0,2000.0,9.628043
run_0731,ResNet,18179680,35,100000,128,64,10,A100,400,77.0,2000.0,14.203321
run_0732,GRU,3542148,4,500000,2048,64,20,T4,70,8.1,2000.0,2.301116
run_0733,RNN,7571977,2,100000,50,256,100,V100,300,14.0,2000.0,9.711735
run_0734,Transformer,97746213,12,1000000,50,256,30,RTX_3090,350,35.6,2000.0,10.974296
run_0735,RNN,2456851,6,5000,256,16,10,A100,400,77.0,2000.0,13.842807
run_0736,RNN,2266060,6,100000,512,64,30,T4,70,8.1,2000.0,2.251758
run_0737,ResNet,37824472,41,1000,256,16,100,V100,300,14.0,2000.0,10.29146
run_0738,LSTM,3624941,3,50000,2048,16,30,RTX_3090,350,35.6,2000.0,12.230696
run_0739,BERT_small,49447502,15,100000,512,64,20,V100,300,14.0,2000.0,10.228347
run_0740,MLP,1018013,6,1000000,1024,256,10,T4,70,8.1,2000.0,2.153011
run_0741,LSTM,5967741,3,500000,512,128,100,V100,300,14.0,2000.0,11.35037
run_0742,GRU,6403310,5,10000,256,32,10,RTX_3090,350,35.6,2000.0,11.558513
run_0743,BERT_small,85728082,23,100000,256,16,5,T4,70,8.1,2000.0,2.533974
run_0744,LSTM,3838861,3,10000,1024,64,100,V100,300,14.0,2000.0,9.70158
run_0745,ResNet,43361346,30,10000,256,64,100,RTX_3080,320,29.8,2000.0,10.221616
run_0746,GRU,2817132,2,1000000,10,32,100,T4,70,8.1,2000.0,2.376159
run_0747,Transformer,34775489,6,5000,50,128,5,A10G,150,31.2,2000.0,4.781028
run_0748,CNN,31854961,40,1000,10,128,50,RTX_3090,350,35.6,2000.0,11.043624
run_0749,CNN,17712873,44,5000,10,128,20,RTX_3090,350,35.6,2000.0,10.931233
run_0750,Transformer,99998087,13,50000,1024,32,10,A100,400,77.0,2000.0,13.556853
run_0751,LSTM,599802,6,10000,2048,64,30,RTX_3090,350,35.6,2000.0,12.618607
run_0752,GRU,4580355,5,50000,50,256,10,RTX_3080,320,29.8,2000.0,11.753489
run_0753,GRU,9472089,4,100000,1024,256,20,A10G,150,31.2,2000.0,4.426199
run_0754,BERT_small,73433029,11,1000000,10,128,20,T4,70,8.1,2000.0,2.207363
run_0755,BERT_small,35870711,8,10000,10,16,50,T4,70,8.1,2000.0,2.493503
run_0756,LSTM,4821072,4,100000,10,128,30,V100,300,14.0,2000.0,9.902028
run_0757,ResNet,28986024,23,100000,50,16,50,RTX_3090,350,35.6,2000.0,10.432719
run_0758,BERT_small,56262252,21,50000,256,32,10,A100,400,77.0,2000.0,13.331842
run_0759,RNN,3710926,3,1000,256,32,50,T4,70,8.1,2000.0,2.422342
run_0760,ResNet,43617215,39,1000000,128,128,10,V100,300,14.0,2000.0,8.968039
run_0761,CNN,9268683,23,1000,1024,128,50,A100,400,77.0,2000.0,13.158938
run_0762,GRU,8264323,2,10000,10,32,5,V100,300,14.0,2000.0,10.444161
run_0763,MLP,858932,5,10000,50,128,100,A100,400,77.0,2000.0,13.27099
run_0764,MLP,757627,3,1000,256,32,20,A100,400,77.0,340.5939,2.334315
run_0765,RNN,8371693,3,50000,1024,16,20,V100,300,14.0,2000.0,10.533569
run_0766,CNN,3860669,22,1000000,256,16,50,A100,400,77.0,2000.0,13.156681
run_0767,GRU,3234451,3,1000000,256,16,5,A100,400,77.0,2000.0,13.656416
run_0768,Transformer,60453211,11,500000,10,32,30,T4,70,8.1,2000.0,2.485324
run_0769,CNN,44795032,18,50000,256,64,20,RTX_3080,320,29.8,2000.0,11.300597
run_0770,LSTM,717762,6,100000,512,16,20,A10G,150,31.2,2000.0,4.811926
run_0771,GRU,5023251,2,10000,10,32,5,A10G,150,31.2,2000.0,4.742315
run_0772,Transformer,59272190,14,1000,50,64,50,A10G,150,31.2,2000.0,5.098587
run_0773,CNN,16413449,5,1000,512,128,100,T4,70,8.1,2000.0,2.366042
run_0774,LSTM,1511223,2,5000,256,16,100,V100,300,14.0,2000.0,10.169691
run_0775,BERT_small,9060088,5,10000,1024,32,100,A10G,150,31.2,2000.0,4.878308
run_0776,CNN,32838581,19,10000,512,64,30,A100,400,77.0,2000.0,13.10423
run_0777,Transformer,93509566,16,10000,1024,32,20,RTX_3090,350,35.6,2000.0,12.598715
run_0778,MLP,3671016,9,10000,512,128,10,T4,70,8.1,2000.0,2.205967
run_0779,LSTM,5842845,3,500000,256,64,50,RTX_3080,320,29.8,2000.0,11.140101
run_0780,LSTM,8921007,2,50000,128,64,50,RTX_3090,350,35.6,2000.0,11.153467
run_0781,BERT_small,1096613,24,100000,256,32,5,T4,70,8.1,2000.0,2.316322
run_0782,BERT_small,33049389,14,500000,10,256,30,RTX_3080,320,29.8,2000.0,10.613732
run_0783,Transformer,92700797,19,1000000,512,32,50,RTX_3080,320,29.8,2000.0,10.21065
run_0784,ResNet,27601516,46,10000,10,16,50,V100,300,14.0,2000.0,9.641265
run_0785,CNN,8809003,16,1000000,10,32,5,RTX_3090,350,35.6,2000.0,11.369656
run_0786,GRU,1666810,1,100000,1024,128,100,A100,400,77.0,2000.0,13.140325
run_0787,GRU,9913605,3,1000,128,32,50,RTX_3080,320,29.8,2000.0,9.756098
run_0788,CNN,14108176,46,50000,2048,16,30,RTX_3090,350,35.6,2000.0,12.285983
run_0789,MLP,4682010,7,1000000,128,16,50,V100,300,14.0,2000.0,9.181547
run_0790,ResNet,2828186,9,1000000,128,16,10,RTX_3080,320,29.8,2000.0,10.276283
run_0791,CNN,48765464,19,100000,256,32,10,RTX_3090,350,35.6,2000.0,11.199415
run_0792,Transformer,84929707,9,100000,1024,256,30,RTX_3080,320,29.8,2000.0,9.941338
run_0793,CNN,38792532,27,500000,256,128,5,A10G,150,31.2,2000.0,5.148247
run_0794,LSTM,9236889,4,100000,128,32,50,A100,400,77.0,2000.0,12.872773
run_0795,GRU,5297423,5,10000,2048,64,30,V100,300,14.0,2000.0,10.676745
run_0796,RNN,5436605,5,5000,512,256,10,A10G,150,31.2,2000.0,4.90028
run_0797,RNN,4272908,3,50000,256,128,5,RTX_3080,320,29.8,2000.0,10.398942
run_0798,MLP,4998620,1,100000,50,64,5,V100,300,14.0,2000.0,9.846521
run_0799,ResNet,14516514,25,1000,2048,64,50,A100,400,77.0,2000.0,13.101238
run_0800,LSTM,643110,4,10000,50,32,20,RTX_3090,350,35.6,2000.0,11.343403
run_0801,BERT_small,34535226,11,10000,2048,64,5,RTX_3080,320,29.8,2000.0,10.293198
run_0802,RNN,3657992,6,1000,1024,64,30,RTX_3080,320,29.8,2000.0,10.574351
run_0803,LSTM,9677576,1,100000,1024,64,5,T4,70,8.1,2000.0,2.204597
run_0804,RNN,948227,3,10000,2048,128,30,RTX_3090,350,35.6,2000.0,11.57038
run_0805,CNN,43907269,43,1000,1024,128,5,A100,400,77.0,1295.8962,8.585078
run_0806,ResNet,2863694,25,100000,512,32,20,RTX_3080,320,29.8,2000.0,10.322919
run_0807,Transformer,7780654,16,50000,2048,256,50,A100,400,77.0,2000.0,14.026715
run_0808,CNN,29086712,23,1000000,256,32,10,A100,400,77.0,2000.0,12.898039
run_0809,BERT_small,64868130,22,500000,10,256,30,RTX_3090,350,35.6,2000.0,11.763318
run_0810,ResNet,26844696,37,50000,2048,32,10,RTX_3090,350,35.6,2000.0,11.826053
run_0811,GRU,3333709,4,50000,1024,256,10,RTX_3080,320,29.8,2000.0,10.817506
run_0812,Transformer,10615892,12,1000000,256,64,100,A100,400,77.0,2000.0,14.10659
run_0813,CNN,45180215,31,50000,128,64,10,RTX_3090,350,35.6,2000.0,10.623811
run_0814,BERT_small,80708841,24,1000,2048,64,10,V100,300,14.0,2000.0,10.186717
run_0815,BERT_small,60352435,23,5000,256,16,10,RTX_3080,320,29.8,2000.0,10.392209
run_0816,Transformer,51173377,8,1000000,1024,16,5,A10G,150,31.2,2000.0,4.740439
run_0817,MLP,1239805,5,1000,128,16,20,A100,400,77.0,1416.3571,10.082755
run_0818,GRU,391650,3,5000,1024,256,10,T4,70,8.1,536.0488,0.621235
run_0819,Transformer,71231557,12,100000,256,256,100,RTX_3080,320,29.8,2000.0,11.283165
run_0820,LSTM,318508,4,100000,1024,256,5,A10G,150,31.2,960.1863,2.382079
run_0821,ResNet,4133917,23,5000,2048,256,20,A100,400,77.0,1275.8363,8.175401
run_0822,MLP,70912,2,50000,1024,64,100,T4,70,8.1,2000.0,2.420151
run_0823,BERT_small,3560649,13,1000000,1024,128,10,RTX_3090,350,35.6,2000.0,12.357369
run_0824,RNN,1681072,3,50000,2048,256,50,RTX_3080,320,29.8,2000.0,10.630771
run_0825,CNN,13446288,37,50000,512,16,5,A100,400,77.0,2000.0,13.459164
run_0826,Transformer,41926679,14,50000,256,32,5,RTX_3080,320,29.8,2000.0,9.927532
run_0827,BERT_small,48232974,15,500000,128,32,50,A10G,150,31.2,2000.0,4.864011
run_0828,ResNet,42096214,21,50000,2048,16,50,RTX_3090,350,35.6,2000.0,11.781827
run_0829,ResNet,10280963,26,50000,1024,32,5,A100,400,77.0,2000.0,12.534106
run_0830,RNN,3825608,4,5000,512,32,30,RTX_3080,320,29.8,2000.0,11.178438
run_0831,ResNet,22197924,33,100000,50,32,100,RTX_3080,320,29.8,2000.0,11.232491
run_0832,LSTM,9092410,6,1000000,50,32,20,RTX_3080,320,29.8,2000.0,10.746323
run_0833,LSTM,2445253,6,100000,50,64,5,T4,70,8.1,2000.0,2.317526
run_0834,CNN,21413613,14,500000,10,64,30,A100,400,77.0,2000.0,13.222903
run_0835,RNN,7442381,6,1000000,1024,64,10,V100,300,14.0,2000.0,9.745808
run_0836,Transformer,18655789,9,1000,2048,256,50,RTX_3090,350,35.6,2000.0,11.514182
run_0837,ResNet,38153617,44,5000,512,32,10,RTX_3080,320,29.8,2000.0,10.403092
run_0838,MLP,667688,8,5000,512,256,30,V100,300,14.0,1910.7698,9.778276
run_0839,BERT_small,53004039,19,50000,50,32,10,A100,400,77.0,2000.0,13.545469
run_0840,Transformer,55839908,4,10000,256,32,100,RTX_3090,350,35.6,2000.0,12.242995
run_0841,Transformer,9876667,9,50000,2048,256,30,A100,400,77.0,2000.0,13.331396
run_0842,BERT_small,34122766,17,50000,2048,16,50,T4,70,8.1,2000.0,2.37201
run_0843,RNN,5259548,4,100000,1024,256,50,A10G,150,31.2,2000.0,4.373358
run_0844,MLP,918011,8,50000,2048,16,10,RTX_3080,320,29.8,2000.0,10.459196
run_0845,RNN,668532,5,50000,512,16,10,A10G,150,31.2,2000.0,4.437531
run_0846,ResNet,26812004,24,1000000,2048,64,30,T4,70,8.1,2000.0,2.252762
run_0847,LSTM,4949543,5,1000,1024,256,10,T4,70,8.1,1616.2694,1.883191
run_0848,GRU,7588236,1,500000,512,16,10,A10G,150,31.2,2000.0,5.155515
run_0849,LSTM,6948373,3,50000,10,32,30,T4,70,8.1,2000.0,2.391329
run_0850,Transformer,13103709,12,10000,1024,32,100,T4,70,8.1,2000.0,2.293925
run_0851,CNN,7761479,50,50000,1024,64,5,RTX_3090,350,35.6,2000.0,11.830113
run_0852,RNN,8594338,5,5000,256,256,30,A10G,150,31.2,2000.0,4.938224
run_0853,MLP,2812803,10,1000000,1024,32,10,A100,400,77.0,2000.0,14.078309
run_0854,LSTM,870847,4,10000,128,128,20,A100,400,77.0,1237.0867,8.748337
run_0855,LSTM,2217395,2,1000,512,64,5,RTX_3090,350,35.6,287.4887,1.55424
run_0856,GRU,8375828,5,1000000,10,256,30,T4,70,8.1,2000.0,2.270193
run_0857,Transformer,80035763,19,50000,256,128,5,A100,400,77.0,2000.0,13.071597
run_0858,MLP,4592434,5,100000,1024,256,10,A100,400,77.0,2000.0,13.152059
run_0859,MLP,1244662,1,500000,128,16,10,A100,400,77.0,2000.0,13.974898
run_0860,MLP,4850393,10,10000,128,16,5,A10G,150,31.2,2000.0,4.557328
run_0861,CNN,12062047,15,500000,128,256,100,T4,70,8.1,2000.0,2.451963
run_0862,LSTM,9723442,3,1000,10,64,20,T4,70,8.1,2000.0,2.176862
run_0863,BERT_small,10082067,17,1000000,512,16,20,T4,70,8.1,2000.0,2.428079
run_0864,GRU,2057210,6,1000000,128,64,50,A100,400,77.0,2000.0,13.039512
run_0865,RNN,3530621,6,5000,512,16,5,RTX_3080,320,29.8,2000.0,10.116519
run_0866,CNN,48691792,49,100000,2048,64,30,T4,70,8.1,2000.0,2.342283
run_0867,BERT_small,71516816,22,100000,128,32,50,V100,300,14.0,2000.0,8.942582
run_0868,GRU,8360710,4,1000000,50,256,10,RTX_3080,320,29.8,2000.0,11.125666
run_0869,ResNet,206093,12,1000,256,16,100,A100,400,77.0,967.1526,5.866614
run_0870,Transformer,56650977,17,1000,128,64,50,RTX_3080,320,29.8,2000.0,10.919094
run_0871,Transformer,86982334,10,500000,128,64,5,RTX_3090,350,35.6,2000.0,11.545816
run_0872,ResNet,34103365,40,10000,2048,16,5,V100,300,14.0,2000.0,10.390768
run_0873,BERT_small,54156840,22,100000,10,32,10,V100,300,14.0,2000.0,10.125445
run_0874,BERT_small,91257792,19,50000,2048,16,100,V100,300,14.0,2000.0,10.283613
run_0875,LSTM,2616949,6,50000,2048,256,20,T4,70,8.1,2000.0,2.435384
run_0876,GRU,949897,5,10000,512,64,50,T4,70,8.1,2000.0,2.333713
run_0877,MLP,4844562,6,1000000,2048,64,5,A100,400,77.0,2000.0,13.991906
run_0878,LSTM,532998,3,50000,1024,256,10,V100,300,14.0,2000.0,10.546505
run_0879,RNN,9995662,1,1000000,2048,64,100,A100,400,77.0,2000.0,13.858731
run_0880,BERT_small,5245067,12,50000,10,128,10,A10G,150,31.2,2000.0,5.116576
run_0881,BERT_small,41618137,10,100000,128,32,5,T4,70,8.1,2000.0,2.203142
run_0882,BERT_small,28125189,6,50000,512,16,30,RTX_3090,350,35.6,2000.0,11.647699
run_0883,LSTM,5716197,4,500000,2048,256,20,A100,400,77.0,2000.0,12.266765
run_0884,BERT_small,14187101,20,500000,50,32,100,A100,400,77.0,2000.0,13.352728
run_0885,MLP,3252325,9,1000,10,64,5,T4,70,8.1,2000.0,2.335351
run_0886,CNN,31431511,7,1000,512,64,5,V100,300,14.0,2000.0,10.216082
run_0887,ResNet,14182505,25,5000,50,64,20,A10G,150,31.2,2000.0,5.138367
run_0888,BERT_small,91076744,7,10000,50,32,20,T4,70,8.1,2000.0,2.460763
run_0889,CNN,41905128,40,100000,10,32,50,RTX_3090,350,35.6,2000.0,11.698457
run_0890,BERT_small,43746321,12,5000,1024,64,50,RTX_3080,320,29.8,2000.0,10.400288
run_0891,Transformer,10562056,13,100000,128,256,30,A100,400,77.0,2000.0,13.151991
run_0892,MLP,244208,8,500000,10,16,30,A100,400,77.0,2000.0,13.360013
run_0893,MLP,3578453,7,5000,1024,256,50,RTX_3090,350,35.6,2000.0,12.438223
run_0894,GRU,5976385,3,10000,2048,32,100,RTX_3080,320,29.8,2000.0,11.77304
run_0895,CNN,38203695,13,1000,2048,128,5,T4,70,8.1,2000.0,2.332504
run_0896,GRU,7818058,4,5000,50,32,50,V100,300,14.0,2000.0,10.430824
run_0897,ResNet,26411836,16,500000,1024,64,20,V100,300,14.0,2000.0,9.6294
run_0898,GRU,517747,1,50000,10,64,30,T4,70,8.1,2000.0,2.247512
run_0899,GRU,4745492,3,100000,512,32,50,A100,400,77.0,2000.0,13.144262
run_0900,CNN,48034055,11,10000,512,16,20,T4,70,8.1,2000.0,2.329793
run_0901,GRU,9917549,4,5000,512,32,50,T4,70,8.1,2000.0,2.261147
run_0902,LSTM,6449371,1,10000,50,256,30,T4,70,8.1,2000.0,2.131377
run_0903,RNN,5751177,5,500000,50,32,100,RTX_3080,320,29.8,2000.0,10.708155
run_0904,CNN,47875392,41,1000000,256,16,50,A10G,150,31.2,2000.0,4.843209
run_0905,GRU,9322826,1,1000000,256,32,20,V100,300,14.0,2000.0,9.718989
run_0906,RNN,1834432,6,1000000,512,128,20,RTX_3090,350,35.6,2000.0,10.945271
run_0907,GRU,1041500,1,5000,2048,32,50,A10G,150,31.2,2000.0,5.240311
run_0908,MLP,1252718,8,100000,128,128,50,A100,400,77.0,2000.0,13.456609
run_0909,GRU,3460430,6,10000,128,256,100,A100,400,77.0,2000.0,13.317282
run_0910,ResNet,48270153,27,1000,512,16,50,T4,70,8.1,2000.0,2.327052
run_0911,RNN,4945599,1,10000,512,16,5,A100,400,77.0,2000.0,15.455843
run_0912,BERT_small,38877483,4,5000,256,256,30,RTX_3090,350,35.6,2000.0,10.0676
run_0913,BERT_small,52377152,16,50000,256,256,10,A10G,150,31.2,2000.0,4.79324
run_0914,LSTM,2343188,2,100000,256,64,30,T4,70,8.1,2000.0,2.48938
run_0915,LSTM,2116365,2,1000,10,16,10,V100,300,14.0,2000.0,9.304751
run_0916,GRU,7337199,2,1000,50,128,30,A10G,150,31.2,2000.0,5.042616
run_0917,RNN,3026499,4,100000,256,256,30,RTX_3080,320,29.8,2000.0,10.775334
run_0918,RNN,3797304,2,50000,512,16,50,V100,300,14.0,2000.0,11.08461
run_0919,GRU,3982005,6,100000,128,128,50,A10G,150,31.2,2000.0,4.847813
run_0920,BERT_small,6082158,22,50000,1024,64,5,RTX_3090,350,35.6,2000.0,11.335893
run_0921,GRU,1353236,2,500000,1024,256,20,A10G,150,31.2,2000.0,5.149132
run_0922,GRU,1322558,5,100000,10,32,30,RTX_3080,320,29.8,2000.0,9.885665
run_0923,CNN,42626059,39,1000000,512,64,50,A10G,150,31.2,2000.0,4.717109
run_0924,MLP,4489184,1,50000,256,256,30,V100,300,14.0,2000.0,10.62204
run_0925,BERT_small,48367387,13,10000,50,16,100,T4,70,8.1,2000.0,2.367836
run_0926,ResNet,37929687,21,1000,1024,128,50,A10G,150,31.2,2000.0,5.187697
run_0927,LSTM,876037,6,10000,2048,256,5,RTX_3080,320,29.8,317.0823,1.753299
run_0928,ResNet,5637163,13,100000,10,64,20,T4,70,8.1,2000.0,2.385958
run_0929,LSTM,4723926,3,1000000,128,16,100,RTX_3080,320,29.8,2000.0,11.712754
run_0930,CNN,11818136,42,500000,50,128,20,RTX_3080,320,29.8,2000.0,10.869782
run_0931,LSTM,3972709,4,5000,2048,256,5,V100,300,14.0,1460.8415,6.670996
run_0932,BERT_small,20470999,23,1000000,50,128,30,RTX_3090,350,35.6,2000.0,10.978188
run_0933,RNN,7395078,6,500000,50,32,50,A100,400,77.0,2000.0,13.212115
run_0934,BERT_small,87202825,12,1000000,2048,16,5,RTX_3090,350,35.6,2000.0,11.101249
run_0935,LSTM,6699827,4,10000,256,256,10,T4,70,8.1,2000.0,2.195058
run_0936,RNN,6554296,4,10000,50,256,30,A10G,150,31.2,2000.0,4.746855
run_0937,MLP,3765980,7,500000,128,256,100,V100,300,14.0,2000.0,8.966391
run_0938,MLP,4457811,6,1000000,256,256,100,RTX_3090,350,35.6,2000.0,11.769863
run_0939,ResNet,18241278,22,1000000,10,64,100,V100,300,14.0,2000.0,9.322769
run_0940,RNN,4066679,6,500000,512,32,50,T4,70,8.1,2000.0,2.079713
run_0941,BERT_small,93647588,9,10000,512,16,100,A10G,150,31.2,2000.0,4.956181
run_0942,MLP,101339,7,1000,512,16,100,RTX_3090,350,35.6,1198.7975,6.28575
run_0943,GRU,3691195,6,10000,128,32,5,V100,300,14.0,2000.0,10.678992
run_0944,MLP,772259,1,100000,1024,32,50,RTX_3080,320,29.8,2000.0,10.972188
run_0945,CNN,8151527,10,1000000,512,32,30,A10G,150,31.2,2000.0,5.323412
run_0946,LSTM,3101420,3,10000,256,16,100,RTX_3090,350,35.6,2000.0,11.4713
run_0947,GRU,7173592,6,500000,2048,64,20,V100,300,14.0,2000.0,10.053435
run_0948,LSTM,4662111,1,50000,256,64,5,RTX_3090,350,35.6,2000.0,11.093859
run_0949,ResNet,12040645,33,1000,256,32,50,V100,300,14.0,2000.0,9.469179
run_0950,RNN,8265351,1,5000,512,128,10,A100,400,77.0,2000.0,12.796396
run_0951,CNN,48109702,21,1000,10,16,5,T4,70,8.1,2000.0,2.280289
run_0952,ResNet,1359283,36,5000,1024,16,5,T4,70,8.1,2000.0,2.266542
run_0953,RNN,2553551,6,10000,256,256,5,V100,300,14.0,2000.0,9.889499
run_0954,GRU,7325833,4,1000000,1024,16,50,T4,70,8.1,2000.0,2.199833
run_0955,Transformer,52596498,19,1000,512,256,20,RTX_3090,350,35.6,2000.0,12.182505
run_0956,BERT_small,41644896,16,1000,1024,16,20,A10G,150,31.2,2000.0,4.918945
run_0957,BERT_small,62691749,13,500000,50,32,50,RTX_3090,350,35.6,2000.0,11.371516
run_0958,MLP,1603250,5,500000,256,16,100,T4,70,8.1,2000.0,2.228948
run_0959,BERT_small,12390049,24,50000,1024,32,10,T4,70,8.1,2000.0,2.326835
run_0960,MLP,213773,10,5000,256,128,5,A100,400,77.0,22.1522,0.168804
run_0961,ResNet,35932109,33,1000,10,64,5,T4,70,8.1,2000.0,2.144577
run_0962,BERT_small,6746469,16,1000,50,256,30,A10G,150,31.2,1233.0334,2.98298
run_0963,LSTM,9729808,2,1000,10,32,30,A10G,150,31.2,2000.0,4.957886
run_0964,MLP,385212,4,500000,1024,32,5,T4,70,8.1,2000.0,2.519517
run_0965,LSTM,848156,3,1000000,2048,16,30,A10G,150,31.2,2000.0,4.734552
run_0966,LSTM,1083030,1,1000,256,256,50,RTX_3080,320,29.8,476.1356,2.506432
run_0967,Transformer,28198033,17,10000,2048,128,20,RTX_3090,350,35.6,2000.0,12.588915
run_0968,CNN,38752491,39,5000,128,32,5,A10G,150,31.2,2000.0,5.127479
run_0969,LSTM,1070687,1,10000,50,128,10,V100,300,14.0,2000.0,9.965993
run_0970,BERT_small,23146747,18,5000,512,16,10,RTX_3080,320,29.8,2000.0,9.805816
run_0971,CNN,41200253,29,1000000,50,16,30,A10G,150,31.2,2000.0,5.016581
run_0972,CNN,584794,16,1000,1024,256,20,RTX_3090,350,35.6,76.6755,0.449529
run_0973,RNN,7996164,6,5000,50,32,100,A10G,150,31.2,2000.0,5.084957
run_0974,ResNet,30327116,31,5000,50,256,100,RTX_3080,320,29.8,2000.0,10.060006
run_0975,MLP,1510953,8,100000,10,64,20,RTX_3080,320,29.8,2000.0,11.10394
run_0976,RNN,9366827,2,5000,10,256,5,RTX_3090,350,35.6,1789.0673,10.927698
run_0977,BERT_small,69120967,11,50000,2048,32,20,RTX_3080,320,29.8,2000.0,10.795825
run_0978,MLP,946220,3,500000,2048,128,30,A100,400,77.0,2000.0,13.853078
run_0979,LSTM,733359,1,500000,128,64,10,A100,400,77.0,2000.0,12.466081
run_0980,RNN,5618533,5,1000000,2048,128,5,V100,300,14.0,2000.0,9.813512
run_0981,CNN,3620301,39,5000,50,16,30,A10G,150,31.2,2000.0,4.32259
run_0982,CNN,15890704,33,100000,512,64,30,RTX_3090,350,35.6,2000.0,11.064364
run_0983,Transformer,91845610,14,5000,2048,16,20,A10G,150,31.2,2000.0,5.181964
run_0984,Transformer,32825487,17,1000000,50,128,10,RTX_3090,350,35.6,2000.0,11.997342
run_0985,CNN,39364876,36,1000,256,32,10,T4,70,8.1,2000.0,2.439204
run_0986,GRU,6508324,3,5000,256,32,100,A100,400,77.0,2000.0,13.375905
run_0987,BERT_small,28140286,14,5000,10,256,5,V100,300,14.0,2000.0,10.717418
run_0988,ResNet,7556416,34,50000,256,32,20,A100,400,77.0,2000.0,12.465299
run_0989,Transformer,82018650,9,1000000,2048,256,10,V100,300,14.0,2000.0,10.216152
run_0990,Transformer,56256920,20,50000,2048,32,50,RTX_3090,350,35.6,2000.0,11.165402
run_0991,GRU,4693710,1,500000,256,32,10,T4,70,8.1,2000.0,2.248147
run_0992,BERT_small,78774748,11,100000,50,256,5,T4,70,8.1,2000.0,2.246128
run_0993,RNN,682073,4,500000,2048,256,5,RTX_3090,350,35.6,2000.0,11.457721
run_0994,RNN,6625594,4,1000000,2048,16,30,RTX_3080,320,29.8,2000.0,10.735359
run_0995,GRU,1404044,5,1000000,10,128,10,A100,400,77.0,2000.0,13.201179
run_0996,LSTM,4972539,2,500000,10,16,30,V100,300,14.0,2000.0,9.557469
run_0997,ResNet,47297965,34,1000000,512,256,5,A100,400,77.0,2000.0,13.398591
run_0998,GRU,2335723,6,50000,50,64,100,T4,70,8.1,2000.0,2.206401
run_0999,GRU,32878,6,1000,256,64,50,A10G,150,31.2,54.2792,0.140624
run_1000,MLP,3573727,5,500000,512,256,50,V100,300,14.0,2000.0,9.795136
